rank,model_key,model_label,vehicle_id,plate_no,price_manwon,predicted_price_manwon,residual_manwon,value_pct,origin_price_manwon,depreciation_pct,year,month,age_years,mileage_km,annual_km,region,trim,trim_detail,battery_years_left,battery_km_left,battery_remaining_pct,battery_binding,record_available,accident_free,accident_summary,accident_my_count,accident_other_count,accident_my_cost_won,owner_change_count,past_commercial_use,past_rental_count,insp_leak,insp_corrosion,insp_tire,insp_repair_notes,insp_repair_penalty,insp_worst_rank,insp_worst_status,baseline_manwon,fair_price_manwon,value_gap_manwon,value_gap_pct,value_gap_sigma,sigma_manwon,value_verdict,value_verdict_note,discount_priced_in,discount_extra,discount_extra_manwon,discount_unexplained_manwon,seller_option_claims,seller_text_len,insp_vin,vin_option_state,vin_option_manwon,vin_option_source,vin_option_verified_at,trim_key,trim_offset_manwon,battery_maker,battery_risk,battery_note,view_count,subscribe_count,view_per_day,listing_signal,listing_signal_note,discount_notes,insurance_gap_dealer,insurance_gap_personal,insurance_gap_unknown,first_advertised,days_on_market,days_on_market_basis,first_seen,last_seen,price_first_manwon,price_prev_manwon,price_change_manwon,price_change_count,insurance_not_joined,re_registered,loan_count,sample_only,sample_only_reason,origin_price_manwon,sell_type,page_is_image,price_breakdown,price_unknowns,score_points,insp_unclassified,battery_pack_damage,insp_diagnostics,repair_source,insp_mileage,mileage_gap_km,penalty_mileage_rollback,insp_waterlog,insp_recall,insp_recall_types,insp_comments,insp_needs_repair,insp_usage_change,insp_serious,insp_vin,accident_lines,accident_type_verdict,excluded,excluded_reason,use_history,plate_change_count,theft_count,record_fields_null,first_registration_date,age_basis,flood_or_total_loss,rental_or_commercial,one_owner,encar_diagnosed,page_available,repair_grade_source,page_repair_notes,page_repair_penalty,page_worst_rank,page_worst_status,page_unmatched_parts,page_status_unknown,page_ranks_read,page_mileage_gauge,page_mileage,page_vin_state,page_tuning,page_special_history,page_usage_change,page_recall,page_recall_done,page_accident_history,page_simple_repair,page_first_registration,page_inspection_valid,page_inspector_note,page_js_suspect,page_detail_bad,page_detail_unknown,page_ev_hv_bad,page_ev_hv_unknown,page_ev_hv_checked,page_parse_note,warranty,view_count,subscribe_count,score_value,score_battery,bonus_total,penalty_overrun,penalty_total,score_value,score_battery,score_depreciation,penalty_accident,score_stage2,score_total,market_confidence,detail_fetched,reasons_plus,reasons_minus,inspection_summary,options,photo_url,listing_url
1,ix_xdrive50,BMW iX,42777551,61라8417,7990,8898.1,-908.1,10.21,14990,46.7,2023,10,2.94,30088,10222,경기,xDrive50 스포츠 플러스,,5.06,129912,63.2,기간(8년),True,True,무사고,0,0,0,0,False,,,,,,,,,8751.0,8898.0,908.0,10.21,1.6,568.0,일부 설명됨,저평가 908만원 중 131만원은 위 사유로 설명되고 777만원이 남습니다 — 남은 만큼은 확인할 값어치가 있습니다,,성능기록부가 사진뿐 — 수리 부위·고전원전기장치를 확인할 수 없음=-131,131.0,777.0,,564,,unverified,,,,XDRIVE50,,삼성SDI,low,국내 선호 제조사,257,3,21.4,,,,,,,2026-09-23T15:14:25,12,,2026-09-23,2026-10-04,7999,7999,-9,,,False,0,False,,14990,일반,True,"기준 시세 (동일 연식 · 평균주행 44,100km)=8,751 || 주행거리 적음 -1.4만km=+147 || = 적정가=8,898","고전원전기장치 판정 불가: 충전구 절연 상태(항목 없음), 구동축전지 격리 상태(항목 없음), 고전원전기배선 상태(항목 없음)",70.48,,,,,,,-0.0,,,,,,,,,,사고 상세 없음,False,,2 | 1,0,0,flood_part_count,2023-10-26,최초등록일 2023-10-26,False,False,True,True,True,,,,,,,,0,,,,,,,,,,,,,,False,,,,"충전구 절연 상태(항목 없음), 구동축전지 격리 상태(항목 없음), 고전원전기배선 상태(항목 없음)",0,성능기록부가 사진(이미지)으로만 등록된 매물입니다 — 페이지에서 읽어 낼 수 있는 항목이 없습니다,,257,3,33.61,12.64,17.0,-0.0,-0.0,33.61,12.64,7.23,-0.0,70.48,908.0,보통,True,"시세 대비 10.2% 저평가 (예측 8,898만원) ; 배터리 보증 여유 (5.1년 / 129,912km 남음, 기간(8년) 기준) ; 무사고 (보험이력 확인) ; 엔카진단 매물 ; 1인 소유",주행거리 계기상태 판정 불가 (성능기록부 표기 확인 필요),,,https://ci.encar.com/carpicture07/pic4277/42777551_,http://www.encar.com/dc/dc_cardetailview.do?carid=42777551
2,eqe_suv_350,벤츠 EQE SUV,42622715,64조1540,7250,7789.8,-539.8,6.93,11310,35.9,2025,5,1.41,16600,11773,서울,EQE350 4MATIC,,6.59,143400,82.4,기간(8년),True,True,무사고,0,0,0,0,False,,오일누유 / 미세누유 / 누유 / 냉각수누수 / 미세누수 / 누수 / 동력조향 작동 오일 누유 / 브레이크 마스터 실린더오일 누유 / 브레이크 오일 누유,,타이어,,,,,7754.0,7990.0,740.0,9.26,1.73,429.0,일부 설명됨,저평가 740만원 중 194만원은 위 사유로 설명되고 546만원이 남습니다 — 남은 만큼은 확인할 값어치가 있습니다,,자차보험 미가입 1구간 · 개인 소유 기간 (202605~202606) — 그 기간 사고는 보험기록에 없을 수 있음=-194,194.0,546.0,,1999,W1NGM1CB1SA058856,verified,200.0,mb.vin,2026-08-30,EQE350,,CATL,normal,,681,4,17.5,,,,,202605~202606,,2026-08-27T14:58:28,39,,2026-08-30,2026-10-04,7790,7290,-540,,202605~202606,False,0,False,,11310,일반,False,"기준 시세 (동일 연식 · 평균주행 21,150km)=7,754 || 주행거리 적음 -0.5만km=+36 || VIN 확인 옵션 (에어서스)=+200 || = 적정가=7,990",,61.35,,,,,16602,2,-0.0,False,False,,"중고차 특성상 부분적인 판금,도색이 있을 수 있습니다.(FRP 및 카본재질 판독불가 보증사항에서 제외됨)","외장, 내장, 광택, 룸 클리링, 휠, 타이어, 유리",,,W1NGM1CB1SA058856,,사고 상세 없음,False,,2 | 1,0,0,flood_part_count,2025년 05월 08일,최초등록일 2025-05-08,False,False,True,False,True,,,0.0,,,,,5,양호,16602,양호,없음,없음,없음,해당없음,,없음,없음,2025년 05월 08일,2025년 05월 08일 ~ 2030년 05월 07일,성능 · 상태점검자,True,,,,,3,script 의 부위별 손상표에서 읽음 (init 의 data 가 null (수리 부위 없음)),전국벤츠서비스센터,681,4,29.24,16.48,12.0,-0.0,-0.0,29.24,16.48,3.63,-0.0,61.35,740.0,보통,True,"시세 대비 6.9% 저평가 (예측 7,790만원) ; 배터리 보증 여유 (6.6년 / 143,400km 남음, 기간(8년) 기준) ; 무사고 (보험이력 확인) ; 1인 소유",,,,https://ci.encar.com/carpicture02/pic4262/42622715_,http://www.encar.com/dc/dc_cardetailview.do?carid=42622715
3,ix_xdrive50,BMW iX,42796459,240러3648,6500,7678.1,-1178.1,15.34,14990,56.6,2023,9,3.05,137526,45131,경기,xDrive50 스포츠 플러스,,4.95,22474,14.0,주행(16만km),False,,확인 불가,,,,,,,오일누유 / 미세누유 / 누유 / 냉각수누수 / 미세누수 / 누수 / 동력조향 작동 오일 누유 / 브레이크 마스터 실린더오일 누유 / 브레이크 오일 누유,,타이어,,,,,8641.0,6987.0,487.0,6.97,0.86,568.0,설명되지 않는 저평가,487만원이 싼데 그럴 만한 사유를 찾지 못했습니다 — 직접 확인해 볼 매물입니다,"과주행 +9.2만km=-963 ; 보험이력 미확인 (보수적 반영)=-173 ; 배터리 보증 잔여 부족 (14% · 기준 50% · 남은 5.0년 / 22,474km · 주행(16만km) 기준)=-518",,0.0,487.0,,1189,WBY21CF05PCM91090,unverified,,,,XDRIVE50,,삼성SDI,low,국내 선호 제조사,21,0,3.0,,,,,,,2026-09-28T11:07:17,7,,2026-09-28,2026-10-04,6500,,0,,,False,,False,,14990,일반,False,"기준 시세 (동일 연식 · 평균주행 45,750km)=8,641 || 과주행 +9.2만km=-963 || 보험이력 미확인 (보수적 반영)=-173 || 배터리 보증 잔여 부족 (14% · 기준 50% · 남은 5.0년 / 22,474km · 주행(16만km) 기준)=-518 || = 적정가=6,987",보험이력을 확인하지 못했습니다 — 실제 사고이력이 있다면 적정가는 더 낮아집니다 ; 소유자 변경 횟수 정보없음 ; 과거 용도 이력 정보없음,42.8,,,,,137509,-17,-0.0,False,True,"1, 이행","중고차 특성상 부분적인 판금,도색이 있을 수 있습니다.(FRP 및 카본재질 판독불가 보증사항에서 제외됨)","외장, 내장, 광택, 룸 클리링, 휠, 타이어, 유리",,,WBY21CF05PCM91090,,사고 상세 없음,False,,,,,,2023년 09월 18일,최초등록일 2023-09-18,False,False,,True,True,,,0.0,,,,,5,양호,137509,양호,없음,없음,없음,해당,이행,없음,없음,2023년 09월 18일,2023년 09월 18일 ~ 2027년 09월 17일,성능 · 상태점검자,True,,,,,3,script 의 부위별 손상표에서 읽음 (init 의 data 가 null (수리 부위 없음)),보증연,21,0,40.0,2.8,5.0,-12.0,-15.0,40.0,2.8,10.0,-3.0,42.8,487.0,보통,True,"시세 대비 15.3% 저평가 (예측 7,678만원) ; 신차가 대비 57% 감가 (진입가 낮음) ; 엔카진단 매물","배터리 보증 잔여 부족 (5.0년 / 22,474km, 주행(16만km) 기준) ; 과주행 심함 (연 45,131km) ; 보험이력을 확인하지 못했습니다 (응답에 없음)",,,https://ci.encar.com/carpicture09/pic4279/42796459_,http://www.encar.com/dc/dc_cardetailview.do?carid=42796459
4,eqe_suv_350,벤츠 EQE SUV,42553711,31너3783,5550,5767.5,-217.5,3.77,10990,49.5,2023,8,3.16,110762,35026,경기,EQE350 4MATIC,,4.84,49238,30.8,주행(16만km),True,True,무사고,0,0,0,1,False,,오일누유 / 미세누유 / 누유 / 냉각수누수 / 미세누수 / 누수 / 동력조향 작동 오일 누유 / 브레이크 마스터 실린더오일 누유 / 브레이크 오일 누유,,타이어,,,,,6255.0,5820.0,270.0,4.64,0.65,417.0,설명되지 않는 저평가,270만원이 싼데 그럴 만한 사유를 찾지 못했습니다 — 직접 확인해 볼 매물입니다,"과주행 +6.3만km=-488 ; 배터리 보증 잔여 부족 (31% · 기준 50% · 남은 4.8년 / 49,238km · 주행(16만km) 기준)=-147",,0.0,270.0,,1082,W1NGM1CB1PA012225,verified,200.0,mb.vin,2026-08-30,EQE350,,CATL,normal,,3614,45,69.5,주의 — 많이 봤는데 안 팔림,"하루 70회 조회(중앙값 14회)로 52일째입니다. 많은 사람이 보고 지나쳤다는 뜻이라, 화면에 안 보이는 이유가 있을 수 있습니다. 실차 확인이 특히 중요합니다.",,,,,2026-08-14T14:31:39,52,,2026-08-30,2026-10-04,5650,5650,-100,,,False,0,False,,10990,일반,False,"기준 시세 (동일 연식 · 평균주행 47,400km)=6,255 || 과주행 +6.3만km=-488 || 배터리 보증 잔여 부족 (31% · 기준 50% · 남은 4.8년 / 49,238km · 주행(16만km) 기준)=-147 || VIN 확인 옵션 (에어서스)=+200 || = 적정가=5,820",,44.35,,,,,110741,-21,-0.0,False,False,,비금속 또는 탈부착 가능한 부품은 점검사항에서 제외되며 중고차 특성상 부분적인 판금도색은 있을 수 있습니다.,"외장, 내장, 광택, 룸 클리링, 휠, 타이어, 유리",,,W1NGM1CB1PA012225,,사고 상세 없음,False,,2 | 1,0,0,flood_part_count,2023년 08월 07일,최초등록일 2023-08-07,False,False,True,True,True,,,0.0,,,,,5,양호,110741,양호,없음,없음,없음,해당없음,,없음,없음,2023년 08월 07일,2023년 08월 07일 ~ 2027년 08월 06일,성능 · 상태점검자,True,,,,,3,script 의 부위별 손상표에서 읽음 (init 의 data 가 null (수리 부위 없음)),,3614,45,25.03,6.16,17.0,-12.0,-12.0,25.03,6.16,8.17,-0.0,44.35,270.0,보통,True,무사고 (보험이력 확인) ; 엔카진단 매물 ; 1인 소유,"과주행 심함 (연 35,026km)",,,https://ci.encar.com/carpicture05/pic4255/42553711_,http://www.encar.com/dc/dc_cardetailview.do?carid=42553711
5,eqe_suv_350,벤츠 EQE SUV,42781730,01무6856,7050,7391.7,-341.7,4.62,10990,35.9,2024,12,1.43,38085,26546,서울,EQE350 4MATIC,,6.57,121915,76.2,주행(16만km),True,True,무사고,0,0,0,1,False,,,,,,0.0,,,7520.0,7392.0,342.0,4.62,0.82,417.0,일부 설명됨,저평가 342만원 중 113만원은 위 사유로 설명되고 229만원이 남습니다 — 남은 만큼은 확인할 값어치가 있습니다,과주행 +1.7만km=-128,성능기록부가 사진뿐 — 수리 부위·고전원전기장치를 확인할 수 없음=-113,113.0,229.0,,1805,,unverified,,,,EQE350,,CATL,normal,,8,0,0.6,,,,,,,2026-09-22T14:23:54,13,,2026-09-23,2026-10-04,7050,,0,,,False,0,False,,10990,일반,True,"기준 시세 (동일 연식 · 평균주행 21,450km)=7,520 || 과주행 +1.7만km=-128 || = 적정가=7,392","고전원전기장치 판정 불가: 충전구 절연 상태(항목 없음), 구동축전지 격리 상태(항목 없음), 고전원전기배선 상태(항목 없음)",51.04,,False,,,,,-0.0,,,,,,,,,,사고 상세 없음,False,,2 | 1,0,0,flood_part_count,2025-04-29,최초등록일 2025-04-29,False,False,True,False,True,,,,,,,,0,,,,,,,,,없음,없음,,,,False,,,,"충전구 절연 상태(항목 없음), 구동축전지 격리 상태(항목 없음), 고전원전기배선 상태(항목 없음)",0,성능기록부가 사진(이미지)으로만 등록된 매물입니다 — 페이지에서 읽어 낼 수 있는 항목이 없습니다,메르세데스벤츠코리아,8,0,26.16,15.24,12.0,-6.0,-6.0,26.16,15.24,3.63,-0.0,51.04,342.0,보통,True,"배터리 보증 여유 (6.6년 / 121,915km 남음, 주행(16만km) 기준) ; 성능점검상 수리 부위 없음 ; 무사고 (보험이력 확인) ; 1인 소유","과주행 (연 26,546km) ; 주행거리 계기상태 판정 불가 (성능기록부 표기 확인 필요)",,,https://ci.encar.com/carpicture08/pic4278/42781730_,http://www.encar.com/dc/dc_cardetailview.do?carid=42781730
6,ix_xdrive50,BMW iX,42524472,02두7771,7890,8400.3,-510.3,6.07,14750,46.5,2023,6,3.27,38095,11653,경기,xDrive50 스포츠 플러스,,4.73,121905,59.1,기간(8년),True,False,"내차 피해 1건 / 내차 수리비 50~200만원 (516,369원)",1,0,516369,2,False,,오일누유 / 미세누유 / 누유 / 냉각수누수 / 미세누수 / 누수 / 동력조향 작동 오일 누유 / 브레이크 마스터 실린더오일 누유 / 브레이크 오일 누유,,타이어,,,,,8287.0,8266.0,376.0,4.55,0.67,559.0,일부 설명됨,저평가 376만원 중 373만원은 위 사유로 설명되고 3만원이 남습니다 — 남은 만큼은 확인할 값어치가 있습니다,사고이력 내차 1건 / 타차 0건 · 수리비 52만원=-52 ; 소유자 변경 2회=-83,자차보험 미가입 1구간 · 개인 소유 기간 (202606~202607) — 그 기간 사고는 보험기록에 없을 수 있음=-207 ; 사고는 있으나 수리 부위를 확인할 수 없음=-166,373.0,3.0,,1161,WBY21CF03PCM75826,unverified,,,,XDRIVE50,,삼성SDI,low,국내 선호 제조사,3028,26,56.1,주의 — 많이 봤는데 안 팔림,"하루 56회 조회(중앙값 14회)로 54일째입니다. 많은 사람이 보고 지나쳤다는 뜻이라, 화면에 안 보이는 이유가 있을 수 있습니다. 실차 확인이 특히 중요합니다.",,,202606~202607,,2026-08-12T10:58:42,54,,2026-08-30,2026-10-04,8390,7990,-500,,202606~202607,False,0,False,,14750,일반,False,"기준 시세 (동일 연식 · 평균주행 49,050km)=8,287 || 주행거리 적음 -1.1만km=+113 || 사고이력 내차 1건 / 타차 0건 · 수리비 52만원=-52 || 소유자 변경 2회=-83 || = 적정가=8,266",사고는 있으나 수리 부위를 모릅니다 (점검자 코멘트에 부위 언급 없음),42.09,,,,,38085,-10,-0.0,False,False,,주식회사 팀모터스 안상준,"외장, 내장, 광택, 룸 클리링, 휠, 타이어, 유리",,,WBY21CF03PCM75826,"2025-05-16 내차 피해 보험금 167,600원 (공임 140,000원, 도장 376,369원)",검증됨 (내차 1건 / 타차 0건 일치),False,,2 | 1,0,0,flood_part_count,2023년 06월 29일,최초등록일 2023-06-29,False,False,False,True,True,,,0.0,,,,,5,양호,38085,양호,없음,없음,없음,해당없음,,없음,없음,2023년 06월 29일,2023년 06월 29일 ~ 2027년 06월 28일,성능 · 상태점검자,True,,,,,3,script 의 부위별 손상표에서 읽음 (init 의 data 가 null (수리 부위 없음)),,3028,26,28.1,11.82,5.0,-0.0,-10.0,28.1,11.82,7.17,-10.0,42.09,376.0,보통,True,"시세 대비 6.1% 저평가 (예측 8,400만원) ; 배터리 보증 여유 (4.7년 / 121,905km 남음, 기간(8년) 기준) ; 엔카진단 매물","사고이력: 내차 피해 1건 / 내차 수리비 50~200만원 (516,369원) ;   · 2025-05-16 내차 피해 보험금 167,600원 (공임 140,000원, 도장 376,369원)",,,https://ci.encar.com/carpicture02/pic4252/42524472_,http://www.encar.com/dc/dc_cardetailview.do?carid=42524472
7,ix_xdrive50,BMW iX,42570391,17러5772,7850,8329.0,-479.0,5.75,14990,47.6,2023,8,3.17,65913,20789,인천,xDrive50 스포츠 플러스,,4.83,94087,58.8,주행(16만km),True,False,"내차 피해 1건 / 타차 가해 1건 / 내차 수리비 50~200만원 (1,278,161원)",1,1,1278161,0,False,,오일누유 / 미세누유 / 누유 / 냉각수누수 / 미세누수 / 누수 / 동력조향 작동 오일 누유 / 브레이크 마스터 실린더오일 누유 / 브레이크 오일 누유,,타이어,,,,,8522.0,8201.0,351.0,4.28,0.62,568.0,일부 설명됨,저평가 351만원 중 170만원은 위 사유로 설명되고 181만원이 남습니다 — 남은 만큼은 확인할 값어치가 있습니다,과주행 +1.8만km=-193 ; 사고이력 내차 1건 / 타차 1건 · 수리비 128만원=-128,사고는 있으나 수리 부위를 확인할 수 없음=-170,170.0,181.0,,360,WBY21CF07PCM62674,verified_none,,bimmer.work,2026-08-30,XDRIVE50,,삼성SDI,low,국내 선호 제조사,2694,6,57.3,주의 — 많이 봤는데 안 팔림,"하루 57회 조회(중앙값 14회)로 47일째입니다. 많은 사람이 보고 지나쳤다는 뜻이라, 화면에 안 보이는 이유가 있을 수 있습니다. 실차 확인이 특히 중요합니다. 조회 2,694회에 찜 6개(비율 0.22%, 중앙값 0.76%) — 보고 나서 관심을 접은 사람이 많다는 신호입니다.",,,,,2026-08-19T13:45:10,47,,2026-08-30,2026-10-04,7950,7950,-100,,,False,0,False,,14990,일반,False,"기준 시세 (동일 연식 · 평균주행 47,550km)=8,522 || 과주행 +1.8만km=-193 || 사고이력 내차 1건 / 타차 1건 · 수리비 128만원=-128 || = 적정가=8,201","사고는 있으나 수리 부위를 모릅니다 (점검자 코멘트에 부위 언급 없음) ; VIN 으로 확인했고 에어서스·후륜조향이 없습니다 (감점하지 않았습니다 — 기준 시세선에 이미 섞여 있음) ; 세부상태 판정 불가: 변속기(txt_state 에 on/active 가 없음 (판정 불가)), 연료누출(txt_state 에 on/active 가 없음 (판정 불가))",44.46,,,,,65911,-2,-0.0,False,True,"1, 이행","전기 부품 품목 보증확인요,","외장, 내장, 광택, 룸 클리링, 휠, 타이어, 유리",,,WBY21CF07PCM62674,"2026-06-23 타차 가해 보험금 184,893원 | 2023-12-31 내차 피해(부분) 보험금 1,642,091원 (부품 222,500원, 공임 307,817원, 도장 747,844원)",검증됨 (내차 1건 / 타차 1건 일치),False,,2 | 1,0,0,flood_part_count,2023년 08월 04일,최초등록일 2023-08-04,False,False,True,True,True,,,0.0,,,,,5,양호,65911,양호,없음,없음,없음,해당,이행,없음,없음,2023년 08월 04일,2023년 08월 04일 ~ 2027년 08월 03일,성능 · 상태점검자,True,,"변속기(txt_state 에 on/active 가 없음 (판정 불가)), 연료누출(txt_state 에 on/active 가 없음 (판정 불가))",,,3,script 의 부위별 손상표에서 읽음 (init 의 data 가 null (수리 부위 없음)),,2694,6,27.67,11.76,9.0,-0.0,-11.5,27.67,11.76,7.53,-11.5,44.46,351.0,보통,True,"시세 대비 5.8% 저평가 (예측 8,329만원) ; 배터리 보증 여유 (4.8년 / 94,087km 남음, 주행(16만km) 기준) ; 엔카진단 매물 ; 1인 소유","사고이력: 내차 피해 1건 / 타차 가해 1건 / 내차 수리비 50~200만원 (1,278,161원) ;   · 2026-06-23 타차 가해 보험금 184,893원 ;   · 2023-12-31 내차 피해(부분) 보험금 1,642,091원 (부품 222,500원, 공임 307,817원, 도장 747,844원)",,,https://ci.encar.com/carpicture07/pic4257/42570391_,http://www.encar.com/dc/dc_cardetailview.do?carid=42570391
8,ix_xdrive50,BMW iX,42695686,01너3002,7999,8587.0,-588.0,6.85,14990,46.6,2023,7,3.18,40528,12739,대구,xDrive50 스포츠 플러스,,4.82,119472,60.2,기간(8년),True,False,"내차 피해 1건 / 타차 가해 2건 / 내차 수리비 200~500만원 (4,437,520원)",1,2,4437520,1,False,,오일누유 / 미세누유 / 누유 / 냉각수누수 / 미세누수 / 누수 / 동력조향 작동 오일 누유 / 브레이크 마스터 실린더오일 누유 / 브레이크 오일 누유,"FRP 또는 비금속 탈부착 가능 부품은 점검사항에서 제외되며, 중고차 특성상 부분적인 부식 판금 도색은 있을 수 있습니다. 기능상 영향없는 감각적손해(냄새,진동,소음등)보증제외.간헐적 미션충격이 있을시 보증제외.",타이어,,,,,8512.0,8143.0,144.0,1.77,0.25,568.0,할인 이유 충분,저평가 144만원이 위 사유 170만원으로 설명됩니다 — 진짜 저평가로 보기 어렵습니다,사고이력 내차 1건 / 타차 2건 · 수리비 444만원=-444,사고는 있으나 수리 부위를 확인할 수 없음=-170,170.0,-26.0,,1255,WBY21CF02PCM98465,unverified,,,,XDRIVE50,,삼성SDI,low,국내 선호 제조사,3412,17,126.4,,,,,,,2026-09-08T16:46:18,27,,2026-09-10,2026-10-04,8200,8150,-201,,,False,0,False,,14990,일반,False,"기준 시세 (동일 연식 · 평균주행 47,700km)=8,512 || 주행거리 적음 -0.7만km=+75 || 사고이력 내차 1건 / 타차 2건 · 수리비 444만원=-444 || = 적정가=8,143","사고는 있으나 수리 부위를 모릅니다 (점검자 코멘트에 부위 언급 없음) ; 세부상태 판정 불가: 변속기(txt_state 에 on/active 가 없음 (판정 불가)), 연료누출(txt_state 에 on/active 가 없음 (판정 불가))",36.37,,,,,40507,-21,-0.0,False,True,"1, 이행","FRP 또는 비금속 탈부착 가능 부품은 점검사항에서 제외되며, 중고차 특성상 부분적인 부식 판금 도색은 있을 수 있습니다. 기능상 영향없는 감각적손해(냄새,진동,소음등)보증제외.간헐적 미션충격이 있을시 보증제외.","외장, 내장, 광택, 룸 클리링, 휠, 타이어, 유리",,,WBY21CF02PCM98465,"2024-05-12 타차 가해 보험금 3,455,100원 (부품 3,100,320원, 공임 358,340원, 도장 806,650원) | 2023-09-23 내차 피해 보험금 2,156,000원 (부품 3,546,640원, 공임 258,330원, 도장 632,550원) | 2023-09-23 타차 가해 보험금 1,942,620원 (부품 960,880원, 공임 348,000원, 도장 673,060원)",검증됨 (내차 1건 / 타차 2건 일치),False,,2 | 1,0,0,flood_part_count,2023년 07월 31일,최초등록일 2023-07-31,False,False,True,True,True,,,0.0,,,,,5,양호,40507,양호,없음,없음,없음,해당,이행,없음,없음,2023년 07월 31일,2023년 07월 31일 ~ 2027년 07월 30일,성능 · 상태점검자,True,,"변속기(txt_state 에 on/active 가 없음 (판정 불가)), 연료누출(txt_state 에 on/active 가 없음 (판정 불가))",,,3,script 의 부위별 손상표에서 읽음 (init 의 data 가 null (수리 부위 없음)),,3412,17,29.13,12.04,9.0,-0.0,-21.0,29.13,12.04,7.2,-21.0,36.37,144.0,보통,True,"시세 대비 6.8% 저평가 (예측 8,587만원) ; 배터리 보증 여유 (4.8년 / 119,472km 남음, 기간(8년) 기준) ; 엔카진단 매물 ; 1인 소유","사고이력: 내차 피해 1건 / 타차 가해 2건 / 내차 수리비 200~500만원 (4,437,520원) ;   · 2024-05-12 타차 가해 보험금 3,455,100원 (부품 3,100,320원, 공임 358,340원, 도장 806,650원) ;   · 2023-09-23 내차 피해 보험금 2,156,000원 (부품 3,546,640원, 공임 258,330원, 도장 632,550원) ;   · 2023-09-23 타차 가해 보험금 1,942,620원 (부품 960,880원, 공임 348,000원, 도장 673,060원)",,,https://ci.encar.com/carpicture09/pic4269/42695686_,http://www.encar.com/dc/dc_cardetailview.do?carid=42695686
9,eqe_suv_350,벤츠 EQE SUV,41989964,106모2367,7550,7561.7,-11.7,0.15,10990,31.3,2024,12,1.43,16000,11195,울산,EQE350 4MATIC,,6.57,144000,82.1,기간(8년),True,True,무사고,0,0,0,0,False,,,,,,,,,7520.0,7562.0,12.0,0.15,0.03,417.0,할인 이유 충분,저평가 12만원이 위 사유 226만원으로 설명됩니다 — 진짜 저평가로 보기 어렵습니다,,성능기록부가 사진뿐 — 수리 부위·고전원전기장치를 확인할 수 없음=-113 ; 3개월 이상 미판매 (149일째) — 협상 여지이자 남들이 지나쳤다는 신호=-113,226.0,-214.0,,1861,,unverified,,,,EQE350,,CATL,normal,,2368,19,15.9,,,자차보험 미가입 1구간이 있으나 딜러 보유 기간과 겹칩니다 (202605~202607) — 정상입니다,202605~202607,,,2026-05-09T13:24:23,149,,2026-08-30,2026-10-04,7780,7780,-230,,202605~202607,False,0,False,,10990,일반,True,"기준 시세 (동일 연식 · 평균주행 21,450km)=7,520 || 주행거리 적음 -0.5만km=+42 || = 적정가=7,562","고전원전기장치 판정 불가: 충전구 절연 상태(항목 없음), 구동축전지 격리 상태(항목 없음), 고전원전기배선 상태(항목 없음)",50.73,,,,,,,-0.0,,,,,,,,,,사고 상세 없음,False,,2 | 1,0,0,flood_part_count,2025-05-01,최초등록일 2025-05-01,False,False,True,False,True,,,,,,,,0,,,,,,,,,,,,,,False,,,,"충전구 절연 상태(항목 없음), 구동축전지 격리 상태(항목 없음), 고전원전기배선 상태(항목 없음)",0,성능기록부가 사진(이미지)으로만 등록된 매물입니다 — 페이지에서 읽어 낼 수 있는 항목이 없습니다,,2368,19,20.21,16.42,12.0,-0.0,-0.0,20.21,16.42,2.1,-0.0,50.73,12.0,보통,True,"배터리 보증 여유 (6.6년 / 144,000km 남음, 기간(8년) 기준) ; 무사고 (보험이력 확인) ; 1인 소유",주행거리 계기상태 판정 불가 (성능기록부 표기 확인 필요),,,https://ci.encar.com/carpicture08/pic4198/41989964_,http://www.encar.com/dc/dc_cardetailview.do?carid=41989964
10,eqe_suv_350,벤츠 EQE SUV,42570682,348서5815,7990,8001.3,-11.3,0.14,11310,29.4,2025,9,1.09,15492,14181,대구,EQE350 4MATIC,,6.91,144508,86.3,기간(8년),True,True,무사고,0,0,0,0,False,,,,,,,,,7994.0,8001.0,11.0,0.14,0.03,429.0,할인 이유 충분,저평가 11만원이 위 사유 120만원으로 설명됩니다 — 진짜 저평가로 보기 어렵습니다,,성능기록부가 사진뿐 — 수리 부위·고전원전기장치를 확인할 수 없음=-120,120.0,-109.0,,2708,,unverified,,,,EQE350,,CATL,normal,,632,10,13.4,,,,,,,2026-08-19T15:15:08,47,,2026-09-04,2026-10-04,7990,,0,,,False,0,False,,11310,일반,True,"기준 시세 (동일 연식 · 평균주행 16,350km)=7,994 || 주행거리 적음 -0.1만km=+7 || = 적정가=8,001","고전원전기장치 판정 불가: 충전구 절연 상태(항목 없음), 구동축전지 격리 상태(항목 없음), 고전원전기배선 상태(항목 없음)",50.91,,,,,,,-0.0,,,,,,,,,,사고 상세 없음,False,,2 | 1,0,0,flood_part_count,2025-09-01,최초등록일 2025-09-01,False,False,True,False,True,,,,,,,,0,,,,,,,,,,,,,,False,,,,"충전구 절연 상태(항목 없음), 구동축전지 격리 상태(항목 없음), 고전원전기배선 상태(항목 없음)",0,성능기록부가 사진(이미지)으로만 등록된 매물입니다 — 페이지에서 읽어 낼 수 있는 항목이 없습니다,벤츠코리아(주),632,10,20.19,17.26,12.0,-0.0,-0.0,20.19,17.26,1.47,-0.0,50.91,11.0,보통,True,"배터리 보증 여유 (6.9년 / 144,508km 남음, 기간(8년) 기준) ; 무사고 (보험이력 확인) ; 1인 소유",주행거리 계기상태 판정 불가 (성능기록부 표기 확인 필요),,,https://ci.encar.com/carpicture07/pic4257/42570682_,http://www.encar.com/dc/dc_cardetailview.do?carid=42570682
11,eqe_suv_350,벤츠 EQE SUV,42297429,176라7036,7890,7883.3,6.7,-0.09,11310,30.2,2025,8,1.18,23196,19703,대구,EQE350 4MATIC,,6.82,136804,85.3,기간(8년),True,True,무사고,0,0,0,0,False,,,,,,,,,7927.0,7883.0,-7.0,-0.09,-0.02,429.0,고평가,적정가보다 비쌉니다,과주행 +0.5만km=-44,성능기록부가 사진뿐 — 수리 부위·고전원전기장치를 확인할 수 없음=-119,119.0,,,2690,,unverified,,,,EQE350,,CATL,normal,,1163,15,48.5,,,,,,,2026-09-11T12:50:28,24,,2026-08-30,2026-10-04,7890,,0,,,False,0,False,,11310,일반,True,"기준 시세 (동일 연식 · 평균주행 17,700km)=7,927 || 과주행 +0.5만km=-44 || = 적정가=7,883","고전원전기장치 판정 불가: 충전구 절연 상태(항목 없음), 구동축전지 격리 상태(항목 없음), 고전원전기배선 상태(항목 없음)",50.68,,,,,,,-0.0,,,,,,,,,,사고 상세 없음,False,,2 | 1,0,0,flood_part_count,2025-08-01,최초등록일 2025-08-01,False,False,True,False,True,,,,,,,,0,,,,,,,,,,,,,,False,,,,"충전구 절연 상태(항목 없음), 구동축전지 격리 상태(항목 없음), 고전원전기배선 상태(항목 없음)",0,성능기록부가 사진(이미지)으로만 등록된 매물입니다 — 페이지에서 읽어 낼 수 있는 항목이 없습니다,벤츠,1163,15,19.89,17.06,12.0,-0.0,-0.0,19.89,17.06,1.73,-0.0,50.68,-7.0,보통,True,"배터리 보증 여유 (6.8년 / 136,804km 남음, 기간(8년) 기준) ; 무사고 (보험이력 확인) ; 1인 소유",주행거리 계기상태 판정 불가 (성능기록부 표기 확인 필요),,,https://ci.encar.com/carpicture09/pic4229/42297429_,http://www.encar.com/dc/dc_cardetailview.do?carid=42297429
12,ix_xdrive50,BMW iX,42735055,62노6676,8890,9079.4,-189.4,2.09,15200,41.5,2024,2,2.63,49567,18878,경기,xDrive50 스포츠 플러스,,5.37,110433,67.2,기간(8년),True,False,"내차 피해 1건 / 내차 수리비 200~500만원 (2,759,659원)",1,0,2759659,0,False,,오일누유 / 미세누유 / 누유 / 냉각수누수 / 미세누수 / 누수 / 동력조향 작동 오일 누유 / 브레이크 마스터 실린더오일 누유 / 브레이크 오일 누유,"비금속 또는 탈부착 가능한 부품은 점검사항에서 제외되며 중고차 특성상 부분적인 판금,도색,부식이 있을수 있습니다. 정비이력 1건.",타이어,,,,,9187.0,8803.0,-87.0,-0.98,-0.15,576.0,고평가,적정가보다 비쌉니다,과주행 +1.0만km=-108 ; 사고이력 내차 1건 / 타차 0건 · 수리비 276만원=-276,사고는 있으나 수리 부위를 확인할 수 없음=-184,184.0,,"에어서스펜션, 후륜조향",1671,WBY21CF06RCR2304,unverified,,,,XDRIVE50,,삼성SDI,low,국내 선호 제조사,626,9,31.3,,,,,,,2026-09-15T13:42:10,20,,2026-09-18,2026-10-04,8990,8950,-100,,,False,0,False,,15200,일반,False,"기준 시세 (동일 연식 · 평균주행 39,450km)=9,187 || 과주행 +1.0만km=-108 || 사고이력 내차 1건 / 타차 0건 · 수리비 276만원=-276 || = 적정가=8,803",사고는 있으나 수리 부위를 모릅니다 (점검자 코멘트에 부위 언급 없음),32.72,,,,,49563,-4,-0.0,False,False,,"비금속 또는 탈부착 가능한 부품은 점검사항에서 제외되며 중고차 특성상 부분적인 판금,도색,부식이 있을수 있습니다. 정비이력 1건.","외장, 내장, 광택, 룸 클리링, 휠, 타이어, 유리",,,WBY21CF06RCR2304,"2026-05-21 내차 피해(부분) 보험금 3,822,398원 (부품 476,000원, 공임 1,657,310원, 도장 626,349원)",검증됨 (내차 1건 / 타차 0건 일치),False,,2 | 1,0,0,flood_part_count,2024년 02월 19일,최초등록일 2024-02-19,False,False,True,True,True,,,0.0,,,,,5,양호,49563,양호,없음,없음,없음,해당없음,,없음,없음,2024년 02월 19일,2024년 02월 19일 ~ 2028년 02월 18일,성능 · 상태점검자,True,,,,,3,script 의 부위별 손상표에서 읽음 (init 의 data 가 null (수리 부위 없음)),BMW,626,9,22.78,13.44,9.0,-0.0,-18.0,22.78,13.44,5.5,-18.0,32.72,-87.0,보통,True,"배터리 보증 여유 (5.4년 / 110,433km 남음, 기간(8년) 기준) ; 엔카진단 매물 ; 1인 소유","사고이력: 내차 피해 1건 / 내차 수리비 200~500만원 (2,759,659원) ;   · 2026-05-21 내차 피해(부분) 보험금 3,822,398원 (부품 476,000원, 공임 1,657,310원, 도장 626,349원)",,,https://ci.encar.com/carpicture03/pic4273/42735055_,http://www.encar.com/dc/dc_cardetailview.do?carid=42735055
13,eqe_suv_350,벤츠 EQE SUV,41333360,36로6577,7600,7505.5,94.5,-1.26,10990,30.8,2024,12,1.64,6500,3956,서울,EQE350 4MATIC,,6.36,153500,79.5,기간(8년),True,True,무사고,0,0,0,0,False,,,,,,,,,7366.0,7505.0,-95.0,-1.26,-0.23,417.0,고평가,적정가보다 비쌉니다,,성능기록부가 사진뿐 — 수리 부위·고전원전기장치를 확인할 수 없음=-110 ; 6개월 이상 미판매 (205일째) — 협상 여지이자 남들이 지나쳤다는 신호=-221,331.0,,,1223,,unverified,,,,EQE350,,CATL,normal,,5718,80,27.9,주의 — 많이 봤는데 안 팔림,"하루 28회 조회(중앙값 14회)로 205일째입니다. 많은 사람이 보고 지나쳤다는 뜻이라, 화면에 안 보이는 이유가 있을 수 있습니다. 실차 확인이 특히 중요합니다.",,,,,2026-03-14T11:51:35,205,,2026-08-30,2026-10-04,7600,,0,,,False,0,False,,10990,일반,True,"기준 시세 (동일 연식 · 평균주행 24,600km)=7,366 || 주행거리 적음 -1.8만km=+139 || = 적정가=7,505","고전원전기장치 판정 불가: 충전구 절연 상태(항목 없음), 구동축전지 격리 상태(항목 없음), 고전원전기배선 상태(항목 없음)",48.15,,,,,,,-0.0,,,,,,,,,,사고 상세 없음,False,,2 | 1,0,0,flood_part_count,2025-02-12,최초등록일 2025-02-12,False,False,True,False,True,,,,,,,,0,,,,,,,,,,,,,,False,,,,"충전구 절연 상태(항목 없음), 구동축전지 격리 상태(항목 없음), 고전원전기배선 상태(항목 없음)",0,성능기록부가 사진(이미지)으로만 등록된 매물입니다 — 페이지에서 읽어 낼 수 있는 항목이 없습니다,가능,5718,80,18.32,15.9,12.0,-0.0,-0.0,18.32,15.9,1.93,-0.0,48.15,-95.0,보통,True,"배터리 보증 여유 (6.4년 / 153,500km 남음, 기간(8년) 기준) ; 무사고 (보험이력 확인) ; 1인 소유",주행거리 계기상태 판정 불가 (성능기록부 표기 확인 필요),,,https://ci.encar.com/carpicture03/pic4133/41333360_,http://www.encar.com/dc/dc_cardetailview.do?carid=41333360
14,ix_xdrive50,BMW iX,42365080,30더0993,10300,10168.2,131.8,-1.3,15200,32.2,2024,12,1.82,12061,6644,경기,xDrive50 스포츠 플러스,,6.18,147939,77.3,기간(8년),True,True,무사고,0,0,0,1,False,,오일누유 / 미세누유 / 누유 / 냉각수누수 / 미세누수 / 누수 / 동력조향 작동 오일 누유 / 브레이크 마스터 실린더오일 누유 / 브레이크 오일 누유,,타이어,,,,,10006.0,10168.0,-132.0,-1.3,-0.23,576.0,고평가,적정가보다 비쌉니다,,,0.0,,,1439,WBY21CF07RCS04593,unverified,,,,XDRIVE50,,삼성SDI,low,국내 선호 제조사,2454,23,29.6,주의 — 많이 봤는데 안 팔림,"하루 30회 조회(중앙값 14회)로 83일째입니다. 많은 사람이 보고 지나쳤다는 뜻이라, 화면에 안 보이는 이유가 있을 수 있습니다. 실차 확인이 특히 중요합니다.",,,,,2026-07-14T09:35:18,83,,2026-08-30,2026-10-04,10300,,0,,,False,1,False,,15200,일반,False,"기준 시세 (동일 연식 · 평균주행 27,300km)=10,006 || 주행거리 적음 -1.5만km=+162 || = 적정가=10,168",,48.13,,,,,12061,0,-0.0,False,False,,,"외장, 내장, 광택, 룸 클리링, 휠, 타이어, 유리",,,WBY21CF07RCS04593,,사고 상세 없음,False,,3 | 2 | 1 | 1,1,0,flood_part_count,2024년 12월 11일,최초등록일 2024-12-11,False,False,True,False,True,,,0.0,,,,,5,양호,12061,양호,없음,없음,없음,해당없음,,없음,없음,2024년 12월 11일,2024년 12월 11일 ~ 2026년 12월 10일,성능 · 상태점검자,True,,,,,3,script 의 부위별 손상표에서 읽음 (init 의 data 가 null (수리 부위 없음)),(주)BMW코리아,2454,23,18.27,15.46,12.0,-0.0,-0.0,18.27,15.46,2.4,-0.0,48.13,-132.0,보통,True,"배터리 보증 여유 (6.2년 / 147,939km 남음, 기간(8년) 기준) ; 무사고 (보험이력 확인) ; 1인 소유",,,,https://ci.encar.com/carpicture06/pic4236/42365080_,http://www.encar.com/dc/dc_cardetailview.do?carid=42365080
15,eqe_suv_350,벤츠 EQE SUV,40706711,52노1969,6650,6704.6,-54.6,0.81,10990,39.5,2023,12,2.59,34579,13365,전남광주,EQE350 4MATIC,,5.41,125421,67.7,기간(8년),True,False,"내차 피해 1건 / 내차 수리비 50~200만원 (1,789,180원)",1,0,1789180,1,False,,,,,,0.0,,,6672.0,6526.0,-124.0,-1.91,-0.3,417.0,고평가,적정가보다 비쌉니다,사고이력 내차 1건 / 타차 0건 · 수리비 179만원=-179,성능기록부가 사진뿐 — 수리 부위·고전원전기장치를 확인할 수 없음=-100 ; 재등록 매물 — 한 번 안 팔려 다시 올림=-67 ; 사고는 있으나 수리 부위를 확인할 수 없음=-133,300.0,,,885,,unverified,,,,EQE350,,CATL,normal,,2206,30,46.0,주의 — 많이 봤는데 안 팔림,"하루 46회 조회(중앙값 14회)로 48일째입니다. 많은 사람이 보고 지나쳤다는 뜻이라, 화면에 안 보이는 이유가 있을 수 있습니다. 실차 확인이 특히 중요합니다.",,,,,2026-08-18T09:44:13,48,,2026-08-30,2026-10-04,6750,6700,-100,,,True,1,False,,10990,일반,True,"기준 시세 (동일 연식 · 평균주행 38,850km)=6,672 || 주행거리 적음 -0.4만km=+33 || 사고이력 내차 1건 / 타차 0건 · 수리비 179만원=-179 || = 적정가=6,526","사고는 있으나 수리 부위를 모릅니다 (점검자 코멘트에 부위 언급 없음) ; 고전원전기장치 판정 불가: 충전구 절연 상태(항목 없음), 구동축전지 격리 상태(항목 없음), 고전원전기배선 상태(항목 없음)",38.46,,False,,,,,-0.0,,,,,,,,,"2024-03-24 내차 피해 보험금 1,432,180원 (부품 1,354,180원, 공임 435,000원)",검증됨 (내차 1건 / 타차 0건 일치),False,,3 | 2 | 1 | 1,1,0,flood_part_count,2024-03-04,최초등록일 2024-03-04,False,False,True,True,True,,,,,,,,0,,,,,,,,,없음,없음,,,,False,,,,"충전구 절연 상태(항목 없음), 구동축전지 격리 상태(항목 없음), 고전원전기배선 상태(항목 없음)",0,성능기록부가 사진(이미지)으로만 등록된 매물입니다 — 페이지에서 읽어 낼 수 있는 항목이 없습니다,벤츠서비스,2206,30,21.09,13.54,9.0,-0.0,-10.0,21.09,13.54,4.83,-10.0,38.46,-124.0,보통,True,"배터리 보증 여유 (5.4년 / 125,421km 남음, 기간(8년) 기준) ; 성능점검상 수리 부위 없음 ; 엔카진단 매물 ; 1인 소유","사고이력: 내차 피해 1건 / 내차 수리비 50~200만원 (1,789,180원) ;   · 2024-03-24 내차 피해 보험금 1,432,180원 (부품 1,354,180원, 공임 435,000원) ; 주행거리 계기상태 판정 불가 (성능기록부 표기 확인 필요)",,,https://ci.encar.com/carpicture10/pic4070/40706711_,http://www.encar.com/dc/dc_cardetailview.do?carid=40706711
16,eqe_suv_350,벤츠 EQE SUV,42752770,10가6679,6200,6000.9,199.1,-3.32,10990,43.6,2023,8,3.14,82030,26098,부산,EQE350 4MATIC,,4.86,77970,48.7,주행(16만km),True,True,무사고,0,0,0,0,False,,,,,,,,,6270.0,6000.0,-200.0,-3.33,-0.48,417.0,고평가,적정가보다 비쌉니다,"과주행 +3.5만km=-269 ; 배터리 보증 잔여 부족 (49% · 기준 50% · 남은 4.9년 / 77,970km · 주행(16만km) 기준)=-1",성능기록부가 사진뿐 — 수리 부위·고전원전기장치를 확인할 수 없음=-94 ; 자차보험 미가입 1구간 · 개인 소유 기간 (202504~202504) — 그 기간 사고는 보험기록에 없을 수 있음=-157,251.0,,,1276,,unverified,,,,EQE350,,CATL,normal,,31,1,1.7,,,,,202504~202504,,2026-09-17T11:39:08,18,,2026-09-18,2026-10-04,6200,,0,,202504~202504,False,0,False,,10990,일반,True,"기준 시세 (동일 연식 · 평균주행 47,100km)=6,270 || 과주행 +3.5만km=-269 || 배터리 보증 잔여 부족 (49% · 기준 50% · 남은 4.9년 / 77,970km · 주행(16만km) 기준)=-1 || = 적정가=6,000","고전원전기장치 판정 불가: 충전구 절연 상태(항목 없음), 구동축전지 격리 상태(항목 없음), 고전원전기배선 상태(항목 없음)",37.52,,,,,,,-0.0,,,,,,,,,,사고 상세 없음,False,,2 | 1,0,0,flood_part_count,2023-08-14,최초등록일 2023-08-14,False,False,True,False,True,,,,,,,,0,,,,,,,,,,,,,,False,,,,"충전구 절연 상태(항목 없음), 구동축전지 격리 상태(항목 없음), 고전원전기배선 상태(항목 없음)",0,성능기록부가 사진(이미지)으로만 등록된 매물입니다 — 페이지에서 읽어 낼 수 있는 항목이 없습니다,,31,1,15.58,9.74,12.0,-6.0,-6.0,15.58,9.74,6.2,-0.0,37.52,-200.0,보통,True,무사고 (보험이력 확인) ; 1인 소유,"과주행 (연 26,098km) ; 주행거리 계기상태 판정 불가 (성능기록부 표기 확인 필요)",,,https://ci.encar.com/carpicture05/pic4275/42752770_,http://www.encar.com/dc/dc_cardetailview.do?carid=42752770
17,eqe_suv_350,벤츠 EQE SUV,42176310,176라7089,8290,8017.6,272.4,-3.4,11310,26.7,2025,8,1.18,6230,5291,대구,EQE350 4MATIC,,6.82,153770,85.3,기간(8년),True,True,무사고,0,0,0,0,False,,,,,,,,,7927.0,8018.0,-272.0,-3.4,-0.64,429.0,고평가,적정가보다 비쌉니다,,성능기록부가 사진뿐 — 수리 부위·고전원전기장치를 확인할 수 없음=-119,119.0,,,2714,,unverified,,,,EQE350,,CATL,normal,,2250,18,27.1,주의 — 많이 봤는데 안 팔림,"하루 27회 조회(중앙값 14회)로 83일째입니다. 많은 사람이 보고 지나쳤다는 뜻이라, 화면에 안 보이는 이유가 있을 수 있습니다. 실차 확인이 특히 중요합니다.",,,,,2026-07-14T15:29:33,83,,2026-08-30,2026-10-04,8290,,0,,,False,0,False,,11310,일반,True,"기준 시세 (동일 연식 · 평균주행 17,700km)=7,927 || 주행거리 적음 -1.1만km=+91 || = 적정가=8,018","고전원전기장치 판정 불가: 충전구 절연 상태(항목 없음), 구동축전지 격리 상태(항목 없음), 고전원전기배선 상태(항목 없음)",45.1,,,,,,,-0.0,,,,,,,,,,사고 상세 없음,False,,2 | 1,0,0,flood_part_count,2025-08-01,최초등록일 2025-08-01,False,False,True,False,True,,,,,,,,0,,,,,,,,,,,,,,False,,,,"충전구 절연 상태(항목 없음), 구동축전지 격리 상태(항목 없음), 고전원전기배선 상태(항목 없음)",0,성능기록부가 사진(이미지)으로만 등록된 매물입니다 — 페이지에서 읽어 낼 수 있는 항목이 없습니다,벤츠코리아(주),2250,18,15.47,17.06,12.0,-0.0,-0.0,15.47,17.06,0.57,-0.0,45.1,-272.0,보통,True,"배터리 보증 여유 (6.8년 / 153,770km 남음, 기간(8년) 기준) ; 무사고 (보험이력 확인) ; 1인 소유",주행거리 계기상태 판정 불가 (성능기록부 표기 확인 필요),,,https://ci.encar.com/carpicture07/pic4217/42176310_,http://www.encar.com/dc/dc_cardetailview.do?carid=42176310
18,eqe_suv_350,벤츠 EQE SUV,42410621,56누3629,7550,7283.5,266.5,-3.66,10990,31.3,2024,10,1.94,11345,5836,경기,EQE350 4MATIC,,6.06,148655,75.7,기간(8년),True,True,무사고,0,0,0,0,False,,,,,,0.0,,,7147.0,7284.0,-266.0,-3.66,-0.64,417.0,고평가,적정가보다 비쌉니다,,성능기록부가 사진뿐 — 수리 부위·고전원전기장치를 확인할 수 없음=-107,107.0,,,2219,,unverified,,,,EQE350,,CATL,normal,,4070,19,54.3,주의 — 많이 봤는데 안 팔림,"하루 54회 조회(중앙값 14회)로 75일째입니다. 많은 사람이 보고 지나쳤다는 뜻이라, 화면에 안 보이는 이유가 있을 수 있습니다. 실차 확인이 특히 중요합니다.",,,,,2026-07-22T13:42:34,75,,2026-08-30,2026-10-04,7800,7650,-250,,,False,0,False,,10990,일반,True,"기준 시세 (동일 연식 · 평균주행 29,100km)=7,147 || 주행거리 적음 -1.8만km=+137 || = 적정가=7,284","고전원전기장치 판정 불가: 충전구 절연 상태(항목 없음), 구동축전지 격리 상태(항목 없음), 고전원전기배선 상태(항목 없음)",44.36,,False,,,,,-0.0,,,,,,,,,,사고 상세 없음,False,,2 | 1,0,0,flood_part_count,2024-10-25,최초등록일 2024-10-25,False,False,True,False,True,,,,,,,,0,,,,,,,,,없음,없음,,,,False,,,,"충전구 절연 상태(항목 없음), 구동축전지 격리 상태(항목 없음), 고전원전기배선 상태(항목 없음)",0,성능기록부가 사진(이미지)으로만 등록된 매물입니다 — 페이지에서 읽어 낼 수 있는 항목이 없습니다,벤츠코리아,4070,19,15.12,15.14,12.0,-0.0,-0.0,15.12,15.14,2.1,-0.0,44.36,-266.0,보통,True,"배터리 보증 여유 (6.1년 / 148,655km 남음, 기간(8년) 기준) ; 성능점검상 수리 부위 없음 ; 무사고 (보험이력 확인) ; 1인 소유",주행거리 계기상태 판정 불가 (성능기록부 표기 확인 필요),,,https://ci.encar.com/carpicture01/pic4241/42410621_,http://www.encar.com/dc/dc_cardetailview.do?carid=42410621
19,eqe_suv_350,벤츠 EQE SUV,42784419,39조9643,6300,6299.2,0.8,-0.01,10990,42.7,2023,9,3.03,52066,17210,대전,EQE350 4MATIC,,4.97,107934,62.2,기간(8년),True,False,"내차 피해 1건 / 내차 수리비 50~200만원 (1,996,500원)",1,0,1996500,3,False,,,,,,0.0,,,6350.0,5973.0,-327.0,-5.48,-0.79,417.0,고평가,적정가보다 비쌉니다,과주행 +0.7만km=-51 ; 사고이력 내차 1건 / 타차 0건 · 수리비 200만원=-200 ; 소유자 변경 3회=-127,"성능기록부가 사진뿐 — 수리 부위·고전원전기장치를 확인할 수 없음=-95 ; 자차보험 미가입 3구간 · 개인 소유 기간 (202309~202409, 202509~202509...) — 그 기간 사고는 보험기록에 없을 수 있음=-476 ; 사고는 있으나 수리 부위를 확인할 수 없음=-127",698.0,,,1794,,unverified,,,,EQE350,,CATL,normal,,21,1,1.6,,,,,202309~202409 | 202509~202509 | 202604~202607,,2026-09-22T16:55:35,13,,2026-08-30,2026-10-04,6750,6750,-450,,202309~202409 | 202509~202509 | 202604~202607,False,0,False,,10990,일반,True,"기준 시세 (동일 연식 · 평균주행 45,450km)=6,350 || 과주행 +0.7만km=-51 || 사고이력 내차 1건 / 타차 0건 · 수리비 200만원=-200 || 소유자 변경 3회=-127 || = 적정가=5,973","사고는 있으나 수리 부위를 모릅니다 (점검자 코멘트에 부위 언급 없음) ; 고전원전기장치 판정 불가: 충전구 절연 상태(항목 없음), 구동축전지 격리 상태(항목 없음), 고전원전기배선 상태(항목 없음)",28.32,,False,,,,,-0.0,,,,,,,,,"2024-04-16 내차 피해 보험금 1,752,361원 (부품 1,218,510원, 공임 446,080원, 도장 331,910원)",검증됨 (내차 1건 / 타차 0건 일치),False,,2 | 2 | 1 | 1,1,0,flood_part_count,2023-09-26,최초등록일 2023-09-26,False,False,False,False,True,,,,,,,,0,,,,,,,,,없음,없음,,,,False,,,,"충전구 절연 상태(항목 없음), 구동축전지 격리 상태(항목 없음), 고전원전기배선 상태(항목 없음)",0,성능기록부가 사진(이미지)으로만 등록된 매물입니다 — 페이지에서 읽어 낼 수 있는 항목이 없습니다,메르세데스벤츠코리아,21,1,19.98,12.44,0.0,-0.0,-10.0,19.98,12.44,5.9,-10.0,28.32,-327.0,보통,True,"배터리 보증 여유 (5.0년 / 107,934km 남음, 기간(8년) 기준) ; 성능점검상 수리 부위 없음","사고이력: 내차 피해 1건 / 내차 수리비 50~200만원 (1,996,500원) ;   · 2024-04-16 내차 피해 보험금 1,752,361원 (부품 1,218,510원, 공임 446,080원, 도장 331,910원) ; 주행거리 계기상태 판정 불가 (성능기록부 표기 확인 필요)",,,https://ci.encar.com/carpicture08/pic4278/42784419_,http://www.encar.com/dc/dc_cardetailview.do?carid=42784419
20,eqe_suv_350,벤츠 EQE SUV,42396124,393고1782,8700,8231.3,468.7,-5.69,11310,23.1,2025,11,0.91,843,921,서울,EQE350 4MATIC,,7.09,159157,88.6,기간(8년),True,True,무사고,0,0,0,0,False,,,,,,0.0,,,8130.0,8231.0,-469.0,-5.69,-1.09,429.0,고평가,적정가보다 비쌉니다,,성능기록부가 사진뿐 — 수리 부위·고전원전기장치를 확인할 수 없음=-122 ; 자차보험 미가입 1구간 · 개인 소유 기간 (202604~202605) — 그 기간 사고는 보험기록에 없을 수 있음=-203,325.0,,,1850,,unverified,,,,EQE350,,CATL,normal,,1260,7,16.4,,,,,202604~202605,,2026-07-20T15:23:28,77,,2026-08-30,2026-10-04,8700,,0,,202604~202605,False,0,False,,11310,일반,True,"기준 시세 (동일 연식 · 평균주행 13,650km)=8,130 || 주행거리 적음 -1.3만km=+101 || = 적정가=8,231","고전원전기장치 판정 불가: 충전구 절연 상태(항목 없음), 구동축전지 격리 상태(항목 없음), 고전원전기배선 상태(항목 없음)",42.13,,False,,,,,-0.0,,,,,,,,,,사고 상세 없음,False,,2 | 1,0,0,flood_part_count,2025-11-05,최초등록일 2025-11-05,False,False,True,False,True,,,,,,,,0,,,,,,,,,없음,없음,,,,False,,,,"충전구 절연 상태(항목 없음), 구동축전지 격리 상태(항목 없음), 고전원전기배선 상태(항목 없음)",0,성능기록부가 사진(이미지)으로만 등록된 매물입니다 — 페이지에서 읽어 낼 수 있는 항목이 없습니다,메르세데스벤츠코리아,1260,7,12.41,17.72,12.0,-0.0,-0.0,12.41,17.72,0.0,-0.0,42.13,-469.0,보통,True,"배터리 보증 여유 (7.1년 / 159,157km 남음, 기간(8년) 기준) ; 성능점검상 수리 부위 없음 ; 무사고 (보험이력 확인) ; 1인 소유","시세 대비 5.7% 비쌈 (예측 8,231만원) ; 신차가 대비 감가 23% 에 그침 ; 주행거리 계기상태 판정 불가 (성능기록부 표기 확인 필요)",,,https://ci.encar.com/carpicture09/pic4239/42396124_,http://www.encar.com/dc/dc_cardetailview.do?carid=42396124
21,ix_xdrive50,BMW iX,42468071,10모4788,9200,9558.9,-358.9,3.75,15200,39.5,2024,8,2.16,42115,19520,경기,xDrive50 스포츠 플러스,,5.84,117885,73.0,기간(8년),True,False,"내차 피해 1건 / 내차 수리비 500만원 초과 (8,676,211원)",1,0,8676211,0,False,,오일누유 / 미세누유 / 누유 / 냉각수누수 / 미세누수 / 누수 / 동력조향 작동 오일 누유 / 브레이크 마스터 실린더오일 누유 / 브레이크 오일 누유,,타이어,,,,,9662.0,8691.0,-509.0,-5.85,-0.88,576.0,고평가,적정가보다 비쌉니다,과주행 +1.0만km=-103 ; 사고이력 내차 1건 / 타차 0건 · 수리비 868만원=-868,재등록 매물 — 한 번 안 팔려 다시 올림=-97 ; 사고는 있으나 수리 부위를 확인할 수 없음=-193,290.0,,"에어서스펜션, 후륜조향",1885,WBY21CF07RCS18736,unverified,,,,XDRIVE50,,삼성SDI,low,국내 선호 제조사,26,1,5.2,,,,,,,2026-09-30T21:35:29,5,,2026-08-30,2026-10-04,9600,9300,-400,,,True,0,False,,15200,일반,False,"기준 시세 (동일 연식 · 평균주행 32,400km)=9,662 || 과주행 +1.0만km=-103 || 사고이력 내차 1건 / 타차 0건 · 수리비 868만원=-868 || = 적정가=8,691",사고는 있으나 수리 부위를 모릅니다 (점검자 코멘트에 부위 언급 없음),24.44,,,,,42096,-19,-0.0,False,True,"1, 이행","비금속(FRP 플라스틱)의 탈부착 가능 부품은 점검사항에서 제외되며 중고차 특성 상 부분적인 판금,도색 및 차량의 노후화에 따른 자연스러운 부식이 있을 수 있습니다. / 내차피해1회 (8,676,211원) / 정비이력 있음 ","외장, 내장, 광택, 룸 클리링, 휠, 타이어, 유리",,,WBY21CF07RCS18736,"2026-03-30 내차 피해(부분) 보험금 10,337,789원 (부품 7,984,846원, 공임 288,933원, 도장 402,432원)",검증됨 (내차 1건 / 타차 0건 일치),False,,2 | 1,0,0,flood_part_count,2024년 08월 08일,최초등록일 2024-08-08,False,False,True,True,True,,,0.0,,,,,5,양호,42096,양호,없음,없음,없음,해당,이행,없음,없음,2024년 08월 08일,2024년 08월 08일 ~ 2028년 08월 07일,성능 · 상태점검자,True,,,,,3,script 의 부위별 손상표에서 읽음 (init 의 data 가 null (수리 부위 없음)),신한손보,26,1,25.01,14.6,9.0,-0.0,-29.0,25.01,14.6,4.83,-29.0,24.44,-509.0,보통,True,"배터리 보증 여유 (5.8년 / 117,885km 남음, 기간(8년) 기준) ; 엔카진단 매물 ; 1인 소유","사고이력: 내차 피해 1건 / 내차 수리비 500만원 초과 (8,676,211원) ;   · 2026-03-30 내차 피해(부분) 보험금 10,337,789원 (부품 7,984,846원, 공임 288,933원, 도장 402,432원)",,,https://ci.encar.com/carpicture06/pic4246/42468071_,http://www.encar.com/dc/dc_cardetailview.do?carid=42468071
22,eqe_suv_350,벤츠 EQE SUV,42616082,10구6174,6490,6126.2,363.8,-5.94,10990,40.9,2023,7,3.18,62545,19659,경기,EQE350 4MATIC,,4.82,97455,60.2,기간(8년),True,True,무사고,0,0,0,1,False,,오일누유 / 미세누유 / 누유 / 냉각수누수 / 미세누수 / 누수 / 동력조향 작동 오일 누유 / 브레이크 마스터 실린더오일 누유 / 브레이크 오일 누유,,타이어,,,,,6240.0,6126.0,-364.0,-5.94,-0.87,417.0,고평가,적정가보다 비쌉니다,과주행 +1.5만km=-114,,0.0,,,1791,W1NGM1CB4PA009920,unverified,,,,EQE350,,CATL,normal,,963,13,24.7,주의 — 많이 봤는데 안 팔림,"하루 25회 조회(중앙값 14회)로 39일째입니다. 많은 사람이 보고 지나쳤다는 뜻이라, 화면에 안 보이는 이유가 있을 수 있습니다. 실차 확인이 특히 중요합니다.",,,,,2026-08-27T15:47:47,39,,2026-08-30,2026-10-04,6480,6380,10,,,False,0,False,,10990,일반,False,"기준 시세 (동일 연식 · 평균주행 47,700km)=6,240 || 과주행 +1.5만km=-114 || = 적정가=6,126",세부상태 판정 불가: 연료누출(txt_state 에 on/active 가 없음 (판정 불가)),46.42,,,,,62529,-16,-0.0,False,False,,비금속 또는 탈부착 가능한 부품은 점검사항에서 제외되며 중고차 특성상 부분적인 판금도색은 있을 수 있습니다. FRP/크로스멤버 볼트체결방식 점검제외.♣ 성능보험료 납부계좌 : MG새마을금고 9002-1994-5215-3 예금주 : 주식회사팀모터스 《성능보험  메리츠보험 접수처 : 1533-2729》 ♣[전기차량으로 배출가스 및 내연기관차량 점검항목 점검불가],"외장, 내장, 광택, 룸 클리링, 휠, 타이어, 유리",,,W1NGM1CB4PA009920,,사고 상세 없음,False,,2 | 1,0,0,flood_part_count,2023년 07월 31일,최초등록일 2023-07-31,False,False,True,True,True,,,0.0,,,,,5,양호,62529,양호,없음,없음,없음,해당없음,,없음,없음,2023년 07월 31일,2023년 07월 31일 ~ 2027년 07월 30일,성능 · 상태점검자,True,,연료누출(txt_state 에 on/active 가 없음 (판정 불가)),,,3,script 의 부위별 손상표에서 읽음 (init 의 data 가 null (수리 부위 없음)),,963,13,12.08,12.04,17.0,-0.0,-0.0,12.08,12.04,5.3,-0.0,46.42,-364.0,보통,True,"배터리 보증 여유 (4.8년 / 97,455km 남음, 기간(8년) 기준) ; 무사고 (보험이력 확인) ; 엔카진단 매물 ; 1인 소유","시세 대비 5.9% 비쌈 (예측 6,126만원)",,,https://ci.encar.com/carpicture01/pic4261/42616082_,http://www.encar.com/dc/dc_cardetailview.do?carid=42616082
23,eqe_suv_350,벤츠 EQE SUV,42815877,31너3596,6390,6153.0,237.0,-3.85,10990,41.9,2023,8,3.17,59864,18865,경기,EQE350 4MATIC,,4.83,100136,60.3,기간(8년),True,True,무사고,0,0,0,3,False,,오일누유 / 미세누유 / 누유 / 냉각수누수 / 미세누수 / 누수 / 동력조향 작동 오일 누유 / 브레이크 마스터 실린더오일 누유 / 브레이크 오일 누유,,타이어,,,,,6248.0,6028.0,-362.0,-6.0,-0.87,417.0,고평가,적정가보다 비쌉니다,과주행 +1.2만km=-95 ; 소유자 변경 3회=-125,자차보험 미가입 1구간 · 개인 소유 기간 (202412~202502) — 그 기간 사고는 보험기록에 없을 수 있음=-156,156.0,,,470,W1NGM1CB4PA010498,unverified,,,,EQE350,,CATL,normal,,50,1,10.0,,,,,202412~202502,,2026-09-30T12:08:40,5,,2026-10-01,2026-10-04,6390,,0,,202412~202502,False,0,False,,10990,일반,False,"기준 시세 (동일 연식 · 평균주행 47,550km)=6,248 || 과주행 +1.2만km=-95 || 소유자 변경 3회=-125 || = 적정가=6,028",,40.56,,,,,59864,0,-0.0,False,False,,"정비이력있음/비금속(FRP),크로스멤버 볼트체결방식 또는 탈부착 가능한 부품은 점검사항에서 제외되며 중고차 특성상 판금 도장 부식은 있을 수 있고 경미한 판금 및 도장은 표기치 않음/국민 257601-04-211425 비엠모터스","외장, 내장, 광택, 룸 클리링, 휠, 타이어, 유리",,,W1NGM1CB4PA010498,,사고 상세 없음,False,,2 | 1,0,0,flood_part_count,2023년 08월 03일,최초등록일 2023-08-03,False,False,False,False,True,,,0.0,,,,,5,양호,59864,양호,없음,없음,없음,해당없음,,없음,없음,2023년 08월 03일,2023년 08월 03일 ~ 2027년 08월 02일,성능 · 상태점검자,True,,,,,3,script 의 부위별 손상표에서 읽음 (init 의 data 가 null (수리 부위 없음)),불가능,50,1,14.86,12.06,8.0,-0.0,-0.0,14.86,12.06,5.63,-0.0,40.56,-362.0,보통,True,"배터리 보증 여유 (4.8년 / 100,136km 남음, 기간(8년) 기준) ; 무사고 (보험이력 확인)",,,,https://ci.encar.com/carpicture01/pic4281/42815877_,http://www.encar.com/dc/dc_cardetailview.do?carid=42815877
24,ix_xdrive50,BMW iX,42667045,64수4286,7880,7300.0,580.0,-7.95,14440,45.4,2022,10,3.98,72659,18277,서울,xDrive50 스포츠 플러스,,4.02,87341,50.3,기간(8년),True,True,무사고,0,0,0,0,False,,오일누유 / 미세누유 / 누유 / 냉각수누수 / 미세누수 / 누수 / 동력조향 작동 오일 누유 / 브레이크 마스터 실린더오일 누유 / 브레이크 오일 누유,,타이어,,,,,7431.0,7300.0,-580.0,-7.95,-1.06,547.0,고평가,적정가보다 비쌉니다,과주행 +1.3만km=-131,,0.0,,"에어서스펜션, 후륜조향",399,WBY21CF04NCK55401,unverified,,,,XDRIVE50,,삼성SDI,low,국내 선호 제조사,1601,33,50.0,주의 — 많이 봤는데 안 팔림,"하루 50회 조회(중앙값 14회)로 32일째입니다. 많은 사람이 보고 지나쳤다는 뜻이라, 화면에 안 보이는 이유가 있을 수 있습니다. 실차 확인이 특히 중요합니다.",,,,,2026-09-03T16:10:56,32,,2026-09-04,2026-10-04,7880,,0,,,False,0,False,,14440,일반,False,"기준 시세 (동일 연식 · 평균주행 59,700km)=7,431 || 과주행 +1.3만km=-131 || = 적정가=7,300",세부상태 판정 불가: 연료누출(txt_state 에 on/active 가 없음 (판정 불가)),43.27,,,,,72596,-63,-0.0,False,False,,,"외장, 내장, 광택, 룸 클리링, 휠, 타이어, 유리",,,WBY21CF04NCK55401,,사고 상세 없음,False,,2 | 1,0,0,flood_part_count,2022년 10월 14일,최초등록일 2022-10-14,False,False,True,True,True,,,0.0,,,,,5,양호,72596,양호,없음,없음,없음,해당없음,,없음,없음,2022년 10월 14일,2022년 10월 14일 ~ 2026년 10월 13일,성능 · 상태점검자,True,,연료누출(txt_state 에 on/active 가 없음 (판정 불가)),,,3,script 의 부위별 손상표에서 읽음 (init 의 data 가 null (수리 부위 없음)),BMW 공식서비스,1601,33,9.41,10.06,17.0,-0.0,-0.0,9.41,10.06,6.8,-0.0,43.27,-580.0,보통,True,무사고 (보험이력 확인) ; 엔카진단 매물 ; 1인 소유,"시세 대비 7.9% 비쌈 (예측 7,300만원)",,,https://ci.encar.com/carpicture06/pic4266/42667045_,http://www.encar.com/dc/dc_cardetailview.do?carid=42667045
25,ix_xdrive50,BMW iX,42805907,31라3559,8100,7473.8,626.2,-8.38,14440,43.9,2022,9,4.02,52271,12987,경기,xDrive50 스포츠 플러스,,3.98,107729,49.7,기간(8년),True,False,타차 가해 1건,0,1,0,0,False,,오일누유 / 미세누유 / 누유 / 냉각수누수 / 미세누수 / 누수 / 동력조향 작동 오일 누유 / 브레이크 마스터 실린더오일 누유 / 브레이크 오일 누유,"비금속(FRP 플라스틱)의 탈부착 가능 부품은 점검사항에서 제외되며 중고차 특성 상 부분적인 판금,도색 및 차량의 노후화에 따른 자연스러운 부식이 있을 수 있습니다. / 정비이력있음",타이어,,,,,7393.0,7474.0,-626.0,-8.38,-1.14,547.0,고평가,적정가보다 비쌉니다,,사고는 있으나 수리 부위를 확인할 수 없음=-148,148.0,,에어서스펜션,714,WBY21CF04NCX49890,unverified,,,,XDRIVE50,,삼성SDI,low,국내 선호 제조사,154,6,25.7,,,,,,,2026-09-29T16:26:53,6,,2026-09-21,2026-10-04,8300,8100,-200,,,False,0,False,,14440,일반,False,"기준 시세 (동일 연식 · 평균주행 60,299km)=7,393 || 주행거리 적음 -0.8만km=+81 || 배터리 보증 잔여 부족 (50% · 기준 50% · 남은 4.0년 / 107,729km · 기간(8년) 기준)=-0 || = 적정가=7,474",사고는 있으나 수리 부위를 모릅니다 (점검자 코멘트에 부위 언급 없음),32.57,,,,,52250,-21,-0.0,False,True,"1, 이행","비금속(FRP 플라스틱)의 탈부착 가능 부품은 점검사항에서 제외되며 중고차 특성 상 부분적인 판금,도색 및 차량의 노후화에 따른 자연스러운 부식이 있을 수 있습니다. / 정비이력있음 ","외장, 내장, 광택, 룸 클리링, 휠, 타이어, 유리",,,WBY21CF04NCX49890,"2025-06-12 타차 가해 보험금 1,000,000원 (부품 822,580원, 공임 46,500원, 도장 48,030원)",검증됨 (내차 0건 / 타차 1건 일치),False,,2 | 1,0,0,flood_part_count,2022년 09월 26일,최초등록일 2022-09-26,False,False,True,True,True,,,0.0,,,,,5,양호,52250,양호,없음,없음,없음,해당,이행,없음,없음,2022년 09월 26일,2022년 09월 26일 ~ 2026년 09월 25일,성능 · 상태점검자,True,,,,,3,script 의 부위별 손상표에서 읽음 (init 의 data 가 null (수리 부위 없음)),,154,6,8.83,9.94,9.0,-0.0,-1.5,8.83,9.94,6.3,-1.5,32.57,-626.0,보통,True,엔카진단 매물 ; 1인 소유,"시세 대비 8.4% 비쌈 (예측 7,474만원) ; 사고이력: 타차 가해 1건 ;   · 2025-06-12 타차 가해 보험금 1,000,000원 (부품 822,580원, 공임 46,500원, 도장 48,030원)",,,https://ci.encar.com/carpicture10/pic4280/42805907_,http://www.encar.com/dc/dc_cardetailview.do?carid=42805907
26,ix_xdrive50,BMW iX,42440403,03구1924,10300,9490.6,809.4,-8.53,15200,32.2,2024,7,2.18,46936,21509,경남,xDrive50 스포츠 플러스,,5.82,113064,70.7,주행(16만km),True,False,"내차 피해 1건 / 내차 수리비 50~200만원 (605,060원)",1,0,605060,1,False,,오일누유 / 미세누유 / 누유 / 냉각수누수 / 미세누수 / 누수 / 동력조향 작동 오일 누유 / 브레이크 마스터 실린더오일 누유 / 브레이크 오일 누유,,타이어,,,,,9642.0,9430.0,-870.0,-9.23,-1.51,576.0,고평가,적정가보다 비쌉니다,과주행 +1.4만km=-152 ; 사고이력 내차 1건 / 타차 0건 · 수리비 61만원=-61,자차보험 미가입 1구간 · 개인 소유 기간 (202604~202605) — 그 기간 사고는 보험기록에 없을 수 있음=-241 ; 사고는 있으나 수리 부위를 확인할 수 없음=-193,434.0,,"에어서스펜션, 후륜조향",1192,0,unverified,,,,XDRIVE50,,삼성SDI,low,국내 선호 제조사,16,0,2.3,,,,,202604~202605,,2026-09-28T17:03:54,7,,2026-08-30,2026-10-04,10300,,0,,202604~202605,False,0,False,,15200,일반,False,"기준 시세 (동일 연식 · 평균주행 32,700km)=9,642 || 과주행 +1.4만km=-152 || 사고이력 내차 1건 / 타차 0건 · 수리비 61만원=-61 || = 적정가=9,430",사고는 있으나 수리 부위를 모릅니다 (점검자 코멘트에 부위 언급 없음),19.17,,,,,46936,0,-0.0,False,False,,.,"외장, 내장, 광택, 룸 클리링, 휠, 타이어, 유리",,,0,"2025-06-16 내차 피해(부분) 보험금 691,550원 (부품 365,230원, 공임 37,900원, 도장 201,930원)",검증됨 (내차 1건 / 타차 0건 일치),False,,2 | 1,0,0,flood_part_count,2024년 07월 30일,최초등록일 2024-07-30,False,False,True,False,True,,,0.0,,,,,5,양호,46936,양호,없음,없음,없음,해당없음,,없음,없음,2024년 07월 30일,2024년 07월 30일 ~ 2028년 07월 29일,성능 · 상태점검자,True,,,,,3,script 의 부위별 손상표에서 읽음 (init 의 data 가 null (수리 부위 없음)),,16,0,8.63,14.14,4.0,-0.0,-10.0,8.63,14.14,2.4,-10.0,19.17,-870.0,보통,True,"배터리 보증 여유 (5.8년 / 113,064km 남음, 주행(16만km) 기준) ; 1인 소유","시세 대비 8.5% 비쌈 (예측 9,491만원) ; 사고이력: 내차 피해 1건 / 내차 수리비 50~200만원 (605,060원) ;   · 2025-06-16 내차 피해(부분) 보험금 691,550원 (부품 365,230원, 공임 37,900원, 도장 201,930원)",,,https://ci.encar.com/carpicture04/pic4244/42440403_,http://www.encar.com/dc/dc_cardetailview.do?carid=42440403
27,ix_xdrive50,BMW iX,42813703,63머1061,8099,7705.8,393.2,-5.1,14440,43.9,2022,12,3.81,46122,12102,서울,xDrive50 스포츠 플러스,,4.19,113878,52.4,기간(8년),True,False,"내차 피해 1건 / 내차 수리비 200~500만원 (2,927,680원)",1,0,2927680,0,False,,오일누유 / 미세누유 / 누유 / 냉각수누수 / 미세누수 / 누수 / 동력조향 작동 오일 누유 / 브레이크 마스터 실린더오일 누유 / 브레이크 오일 누유,,타이어,,,,,7594.0,7413.0,-686.0,-9.25,-1.25,547.0,고평가,적정가보다 비쌉니다,사고이력 내차 1건 / 타차 0건 · 수리비 293만원=-293,사고는 있으나 수리 부위를 확인할 수 없음=-152,152.0,,"에어서스펜션, 후륜조향",1013,WBY21CF03NCK56507,unverified,,,,XDRIVE50,,삼성SDI,low,국내 선호 제조사,95,1,19.0,,,,,,,2026-09-30T14:08:07,5,,2026-10-01,2026-10-04,8099,,0,,,False,0,False,,14440,일반,False,"기준 시세 (동일 연식 · 평균주행 57,150km)=7,594 || 주행거리 적음 -1.1만km=+111 || 사고이력 내차 1건 / 타차 0건 · 수리비 293만원=-293 || = 적정가=7,413",사고는 있으나 수리 부위를 모릅니다 (점검자 코멘트에 부위 언급 없음) ; 세부상태 판정 불가: 냉각수누수(txt_state 에 on/active 가 없음 (판정 불가)),20.98,,,,,46120,-2,-0.0,False,True,"1, 이행",,"외장, 내장, 광택, 룸 클리링, 휠, 타이어, 유리",,,WBY21CF03NCK56507,"2024-11-04 내차 피해(부분) 보험금 3,925,430원 (부품 1,963,170원, 공임 248,920원, 도장 715,590원)",검증됨 (내차 1건 / 타차 0건 일치),False,,2 | 1,0,0,flood_part_count,2022년 12월 13일,최초등록일 2022-12-13,False,False,True,True,True,,,0.0,,,,,5,양호,46120,양호,없음,없음,없음,해당,이행,없음,없음,2022년 12월 13일,2023년 03월 13일 ~ 2027년 03월 12일,성능 · 상태점검자,True,,냉각수누수(txt_state 에 on/active 가 없음 (판정 불가)),,,3,script 의 부위별 손상표에서 읽음 (init 의 data 가 null (수리 부위 없음)),BMW코리아,95,1,13.2,10.48,9.0,-0.0,-18.0,13.2,10.48,6.3,-18.0,20.98,-686.0,보통,True,엔카진단 매물 ; 1인 소유,"시세 대비 5.1% 비쌈 (예측 7,706만원) ; 사고이력: 내차 피해 1건 / 내차 수리비 200~500만원 (2,927,680원) ;   · 2024-11-04 내차 피해(부분) 보험금 3,925,430원 (부품 1,963,170원, 공임 248,920원, 도장 715,590원)",,,https://ci.encar.com/carpicture01/pic4281/42813703_,http://www.encar.com/dc/dc_cardetailview.do?carid=42813703
28,eqe_suv_350,벤츠 EQE SUV,42375204,66부6721,5470,5852.1,-382.1,6.53,10990,50.2,2023,11,2.85,124572,43665,대구,EQE350 4MATIC,,5.15,35428,22.1,주행(16만km),True,False,"내차 피해 1건 / 타차 가해 1건 / 내차 수리비 500만원 초과 (7,131,094원)",1,1,7131094,1,False,,오일누유 / 미세누유 / 누유 / 냉각수누수 / 미세누수 / 누수 / 동력조향 작동 오일 누유 / 브레이크 마스터 실린더오일 누유 / 브레이크 오일 누유,,타이어,,,,,6482.0,4828.0,-642.0,-13.31,-1.54,417.0,고평가,적정가보다 비쌉니다,"과주행 +8.2만km=-630 ; 사고이력 내차 1건 / 타차 1건 · 수리비 713만원=-713 ; 배터리 보증 잔여 부족 (22% · 기준 50% · 남은 5.2년 / 35,428km · 주행(16만km) 기준)=-311",재등록 매물 — 한 번 안 팔려 다시 올림=-65 ; 사고는 있으나 수리 부위를 확인할 수 없음=-130,194.0,,,1088,W1NGM1CB2PA021788,unverified,,,,EQE350,,CATL,normal,,678,8,33.9,,,,,,,2026-09-15T21:33:45,20,,2026-08-30,2026-10-04,5577,5533,-107,,,True,0,False,,10990,일반,False,"기준 시세 (동일 연식 · 평균주행 42,750km)=6,482 || 과주행 +8.2만km=-630 || 사고이력 내차 1건 / 타차 1건 · 수리비 713만원=-713 || 배터리 보증 잔여 부족 (22% · 기준 50% · 남은 5.2년 / 35,428km · 주행(16만km) 기준)=-311 || = 적정가=4,828",사고는 있으나 수리 부위를 모릅니다 (점검자 코멘트에 부위 언급 없음),8.02,,,,,124572,0,-0.0,False,False,,(주)퍼스트엠 김종운,"외장, 내장, 광택, 룸 클리링, 휠, 타이어, 유리",,,W1NGM1CB2PA021788,"2025-07-05 내차 피해 보험금 4,980,000원 (부품 6,187,085원, 공임 526,585원, 도장 417,424원) | 2025-07-05 타차 가해 보험금 2,150,570원 (부품 779,780원, 공임 926,620원, 도장 837,859원)",검증됨 (내차 1건 / 타차 1건 일치),False,,2 | 1,0,0,flood_part_count,2023년 11월 28일,최초등록일 2023-11-28,False,False,True,True,True,,,0.0,,,,,5,양호,124572,양호,없음,없음,없음,해당없음,,없음,없음,2023년 11월 28일,2023년 11월 28일 ~ 2027년 11월 27일,성능 · 상태점검자,True,,,,,3,script 의 부위별 손상표에서 읽음 (init 의 data 가 null (수리 부위 없음)),메리츠화재,678,8,28.7,4.42,9.0,-12.0,-42.5,28.7,4.42,8.4,-30.5,8.02,-642.0,보통,True,"시세 대비 6.5% 저평가 (예측 5,852만원) ; 엔카진단 매물 ; 1인 소유","배터리 보증 잔여 부족 (5.2년 / 35,428km, 주행(16만km) 기준) ; 과주행 심함 (연 43,665km) ; 사고이력: 내차 피해 1건 / 타차 가해 1건 / 내차 수리비 500만원 초과 (7,131,094원) ;   · 2025-07-05 내차 피해 보험금 4,980,000원 (부품 6,187,085원, 공임 526,585원, 도장 417,424원) ;   · 2025-07-05 타차 가해 보험금 2,150,570원 (부품 779,780원, 공임 926,620원, 도장 837,859원)",,,https://ci.encar.com/carpicture07/pic4237/42375204_,http://www.encar.com/dc/dc_cardetailview.do?carid=42375204
29,ix_xdrive50,BMW iX,42699072,10거8423,7460,6978.6,481.4,-6.9,14440,48.3,2022,9,4.01,102047,25424,경기,xDrive50 스포츠 플러스,,3.99,57953,36.2,주행(16만km),True,False,"내차 피해 1건 / 내차 수리비 500만원 초과 (5,792,070원)",1,0,5792070,1,False,,오일누유 / 미세누유 / 누유 / 냉각수누수 / 미세누수 / 누수 / 동력조향 작동 오일 누유 / 브레이크 마스터 실린더오일 누유 / 브레이크 오일 누유,,타이어,"프론트펜더(우) 교환(X) — 외판 1랭크, 구조 영향 없음 (볼트 체결 부품, 법적으로 무사고 표기 가능)",2.0,외판1,X,7402.0,6323.0,-1137.0,-17.98,-2.08,547.0,고평가,적정가보다 비쌉니다,"과주행 +4.2만km=-424 ; 사고이력 내차 1건 / 타차 0건 · 수리비 579만원 · 외판 1랭크=-579 ; 배터리 보증 잔여 부족 (36% · 기준 50% · 남은 4.0년 / 57,953km · 주행(16만km) 기준)=-76",,0.0,,에어서스펜션,327,WBY21CF05NCK49896,unverified,,,,XDRIVE50,,삼성SDI,low,국내 선호 제조사,1113,4,44.5,주의 — 보고 실망,"조회 1,113회에 찜 4개(비율 0.36%, 중앙값 0.76%) — 보고 나서 관심을 접은 사람이 많다는 신호입니다.",,,,,2026-09-10T10:30:25,25,,2026-09-12,2026-10-04,7690,7690,-230,,,False,0,False,,14440,일반,False,"기준 시세 (동일 연식 · 평균주행 60,150km)=7,402 || 과주행 +4.2만km=-424 || 사고이력 내차 1건 / 타차 0건 · 수리비 579만원 · 외판 1랭크=-579 || 배터리 보증 잔여 부족 (36% · 기준 50% · 남은 4.0년 / 57,953km · 주행(16만km) 기준)=-76 || = 적정가=6,323",세부상태 판정 불가: 냉각수누수(txt_state 에 on/active 가 없음 (판정 불가)),-2.19,,,,,102043,-4,-0.0,False,True,"1, 이행","FRP등 비금속 또는 탈부착 가능 부품은 점검사항에서 제외되며 중고차 특성상 또는 상품화하는 과정에 부분적인 판금, 도색은 있을 수 있습니다/ 정비이력 4건 있음, 확인요망 /","외장, 내장, 광택, 룸 클리링, 휠, 타이어, 유리",,,WBY21CF05NCK49896,"2026-04-22 내차 피해 보험금 5,755,000원 (부품 4,383,370원, 공임 592,760원, 도장 815,940원)",검증됨 (내차 1건 / 타차 0건 일치),False,,2 | 1,0,0,flood_part_count,2022년 09월 30일,최초등록일 2022-09-30,False,False,True,True,True,성능기록부,"프론트펜더(우) 교환(X) — 외판 1랭크, 구조 영향 없음 (볼트 체결 부품, 법적으로 무사고 표기 가능)",2.0,외판1,X,,,5,양호,102043,양호,없음,없음,없음,해당,이행,없음,있음,2022년 09월 30일,2022년 09월 30일 ~ 2026년 09월 29일,성능 · 상태점검자,False,,냉각수누수(txt_state 에 on/active 가 없음 (판정 불가)),,,3,script 의 부위별 손상표에서 읽음 (data (script #6)),bmw,1113,4,10.8,7.24,9.0,-6.0,-37.0,10.8,7.24,7.77,-31.0,-2.19,-1137.0,보통,True,엔카진단 매물 ; 1인 소유,"시세 대비 6.9% 비쌈 (예측 6,979만원) ; 과주행 (연 25,424km) ; 사고이력: 내차 피해 1건 / 내차 수리비 500만원 초과 (5,792,070원) ;   · 2026-04-22 내차 피해 보험금 5,755,000원 (부품 4,383,370원, 공임 592,760원, 도장 815,940원) ; 프론트펜더(우) 교환(X) — 외판 1랭크, 구조 영향 없음 (볼트 체결 부품, 법적으로 무사고 표기 가능)",,,https://ci.encar.com/carpicture09/pic4269/42699072_,http://www.encar.com/dc/dc_cardetailview.do?carid=42699072
30,ix_xdrive50,BMW iX,42623160,11러3762,6990,7083.7,-93.7,1.32,14440,51.6,2022,11,3.85,104449,27114,경기,xDrive50 스포츠 플러스,,4.15,55551,34.7,주행(16만km),True,False,"내차 피해 2건 / 내차 수리비 500만원 초과 (11,544,770원)",2,0,11544770,0,False,,오일누유 / 미세누유 / 누유 / 냉각수누수 / 미세누수 / 누수 / 동력조향 작동 오일 누유 / 브레이크 마스터 실린더오일 누유 / 브레이크 오일 누유,,타이어,,,,,7556.0,5836.0,-1154.0,-19.78,-2.11,547.0,고평가,적정가보다 비쌉니다,"과주행 +4.7만km=-472 ; 사고이력 내차 2건 / 타차 0건 · 수리비 1,154만원=-1,154 ; 배터리 보증 잔여 부족 (35% · 기준 50% · 남은 4.2년 / 55,551km · 주행(16만km) 기준)=-94",사고는 있으나 수리 부위를 확인할 수 없음=-151,151.0,,"에어서스펜션, 후륜조향",739,WBY21CF08PCL66858,unverified,,,,XDRIVE50,,삼성SDI,low,국내 선호 제조사,1051,8,27.7,주의 — 많이 봤는데 안 팔림,"하루 28회 조회(중앙값 14회)로 38일째입니다. 많은 사람이 보고 지나쳤다는 뜻이라, 화면에 안 보이는 이유가 있을 수 있습니다. 실차 확인이 특히 중요합니다.",,,,,2026-08-28T11:33:19,38,,2026-08-30,2026-10-04,7490,7190,-500,,,False,0,False,,14440,일반,False,"기준 시세 (동일 연식 · 평균주행 57,750km)=7,556 || 과주행 +4.7만km=-472 || 사고이력 내차 2건 / 타차 0건 · 수리비 1,154만원=-1,154 || 배터리 보증 잔여 부족 (35% · 기준 50% · 남은 4.2년 / 55,551km · 주행(16만km) 기준)=-94 || = 적정가=5,836",사고는 있으나 수리 부위를 모릅니다 (점검자 코멘트에 부위 언급 없음) ; 세부상태 판정 불가: 냉각수누수(txt_state 에 on/active 가 없음 (판정 불가)),7.57,,,,,104444,-5,-0.0,False,True,"1, 이행","FRP등 비금속 또는 탈부착 가능 부품은 점검사항에서 제외되며 중고차 특성상 또는 상품화하는 과정에 부분적인 판금, 도색은 있을 수 있습니다/ 정비이력 1건 있음, 확인요망 /","외장, 내장, 광택, 룸 클리링, 휠, 타이어, 유리",,,WBY21CF08PCL66858,"2025-04-17 내차 피해 보험금 760,000원 (부품 1,486,080원, 공임 291,930원, 도장 482,160원) | 2023-05-19 내차 피해 보험금 9,700,000원 (부품 8,595,600원, 공임 689,000원)",검증됨 (내차 2건 / 타차 0건 일치),False,,2 | 1,0,0,flood_part_count,2022년 11월 28일,최초등록일 2022-11-28,False,False,True,True,True,,,0.0,,,,,5,양호,104444,양호,없음,없음,없음,해당,이행,없음,없음,2022년 11월 28일,2022년 11월 28일 ~ 2026년 11월 27일,성능 · 상태점검자,True,,냉각수누수(txt_state 에 on/active 가 없음 (판정 불가)),,,3,script 의 부위별 손상표에서 읽음 (init 의 data 가 null (수리 부위 없음)),보험사,1051,8,21.76,6.94,9.0,-6.0,-39.0,21.76,6.94,8.87,-33.0,7.57,-1154.0,보통,True,엔카진단 매물 ; 1인 소유,"과주행 (연 27,114km) ; 사고이력: 내차 피해 2건 / 내차 수리비 500만원 초과 (11,544,770원) ;   · 2025-04-17 내차 피해 보험금 760,000원 (부품 1,486,080원, 공임 291,930원, 도장 482,160원) ;   · 2023-05-19 내차 피해 보험금 9,700,000원 (부품 8,595,600원, 공임 689,000원)",,,https://ci.encar.com/carpicture02/pic4262/42623160_,http://www.encar.com/dc/dc_cardetailview.do?carid=42623160
31,ix_xdrive50,BMW iX,42780106,56조0745,6890,6403.6,486.4,-7.6,14560,52.7,2022,3,4.52,123338,27286,경기,xDrive50 스포츠 플러스,,3.48,36662,22.9,주행(16만km),True,False,"내차 피해 3건 / 타차 가해 1건 / 내차 수리비 500만원 초과 (16,670,138원)",3,1,16670138,0,False,,,,,,,,,6970.0,4443.0,-2447.0,-55.08,-4.43,552.0,고평가,적정가보다 비쌉니다,"과주행 +5.6만km=-566 ; 사고이력 내차 3건 / 타차 1건 · 수리비 1,667만원=-1,667 ; 배터리 보증 잔여 부족 (23% · 기준 50% · 남은 3.5년 / 36,662km · 주행(16만km) 기준)=-294",성능기록부가 사진뿐 — 수리 부위·고전원전기장치를 확인할 수 없음=-105 ; 자차보험 미가입 1구간 · 개인 소유 기간 (202508~202509) — 그 기간 사고는 보험기록에 없을 수 있음=-174 ; 사고는 있으나 수리 부위를 확인할 수 없음=-139,418.0,,에어서스펜션,327,,unverified,,,,XDRIVE50,,삼성SDI,low,국내 선호 제조사,349,2,29.1,,,,,202508~202509,,2026-09-23T13:59:35,12,,2026-09-23,2026-10-04,6990,6990,-100,,202508~202509,False,0,False,,14560,일반,True,"기준 시세 (동일 연식 · 평균주행 67,800km)=6,970 || 과주행 +5.6만km=-566 || 사고이력 내차 3건 / 타차 1건 · 수리비 1,667만원=-1,667 || 배터리 보증 잔여 부족 (23% · 기준 50% · 남은 3.5년 / 36,662km · 주행(16만km) 기준)=-294 || = 적정가=4,443","사고는 있으나 수리 부위를 모릅니다 (점검자 코멘트에 부위 언급 없음) ; 고전원전기장치 판정 불가: 충전구 절연 상태(항목 없음), 구동축전지 격리 상태(항목 없음), 고전원전기배선 상태(항목 없음)",-11.81,,,,,,,-0.0,,,,,,,,,"2025-12-24 내차 피해(부분) 보험금 8,752,840원 (부품 5,181,900원, 공임 622,783원, 도장 1,352,986원) | 2025-02-27 내차 피해 보험금 2,525,000원 (부품 731,353원, 공임 705,495원, 도장 1,313,152원) | 2023-09-22 내차 피해 보험금 4,334,700원 (부품 4,995,844원, 공임 510,204원, 도장 1,256,421원) | 2023-09-22 타차 가해 보험금 1,106,470원 (부품 524,790원, 공임 472,040원, 도장 582,019원)",검증됨 (내차 3건 / 타차 1건 일치),False,,2 | 1,0,0,flood_part_count,2022-03-29,최초등록일 2022-03-29,False,False,True,True,True,,,,,,,,0,,,,,,,,,,,,,,False,,,,"충전구 절연 상태(항목 없음), 구동축전지 격리 상태(항목 없음), 고전원전기배선 상태(항목 없음)",0,성능기록부가 사진(이미지)으로만 등록된 매물입니다 — 페이지에서 읽어 낼 수 있는 항목이 없습니다,bmw,349,2,9.87,4.58,9.0,-6.0,-44.5,9.87,4.58,9.23,-38.5,-11.81,-2447.0,보통,True,엔카진단 매물 ; 1인 소유,"시세 대비 7.6% 비쌈 (예측 6,404만원) ; 배터리 보증 잔여 부족 (3.5년 / 36,662km, 주행(16만km) 기준) ; 과주행 (연 27,286km) ; 사고이력: 내차 피해 3건 / 타차 가해 1건 / 내차 수리비 500만원 초과 (16,670,138원) ;   · 2025-12-24 내차 피해(부분) 보험금 8,752,840원 (부품 5,181,900원, 공임 622,783원, 도장 1,352,986원) ;   · 2025-02-27 내차 피해 보험금 2,525,000원 (부품 731,353원, 공임 705,495원, 도장 1,313,152원) ;   · 2023-09-22 내차 피해 보험금 4,334,700원 (부품 4,995,844원, 공임 510,204원, 도장 1,256,421원) ;   · 2023-09-22 타차 가해 보험금 1,106,470원 (부품 524,790원, 공임 472,040원, 도장 582,019원) ; 주행거리 계기상태 판정 불가 (성능기록부 표기 확인 필요)",,,https://ci.encar.com/carpicture08/pic4278/42780106_,http://www.encar.com/dc/dc_cardetailview.do?carid=42780106
32,ix_xdrive50,BMW iX,42765801,51어7993,9890,,,,,,2025,5,1.39,17932,12918,경기,xDrive50 스포츠 스페셜 에디션,,6.61,142068,82.6,기간(8년),True,True,무사고,0,0,0,0,False,,오일누유 / 미세누유 / 누유 / 냉각수누수 / 미세누수 / 누수 / 동력조향 작동 오일 누유 / 브레이크 마스터 실린더오일 누유 / 브레이크 오일 누유,,타이어,,,,,,,,,,,,적정가 산출 불가,,,0.0,,,1336,WBY21CF05SCT75106,,,,,XDRIVE50,,,,,32,0,2.3,,,,,,,2026-09-21T12:02:08,14,,2026-09-21,2026-10-04,9890,,0,,,False,0,False,,,일반,False,,신차가를 못 받아 적정가를 낼 수 없습니다 (잔존율 기준선은 신차가가 있어야 합니다),58.52,,,,,17927,-5,-0.0,False,False,,"비금속(FRP 플라스틱)의 탈부착 가능 부품은 점검사항에서 제외되며 중고차 특성 상 부분적인 판금,도색 및 차량의 노후화에 따른 자연스러운 부식이 있을 수 있습니다. 기능상 영향없는 감각적 손해(소음/진동/냄새/외관/작동감각 등) 보증제외.전체이색랩핑","외장, 내장, 광택, 룸 클리링, 휠, 타이어, 유리",,,WBY21CF05SCT75106,,사고 상세 없음,False,,2 | 1,0,0,flood_part_count,2025년 05월 16일,최초등록일 2025-05-16,False,False,True,True,True,,,0.0,,,,,5,양호,17927,양호,없음,없음,없음,해당없음,,없음,없음,2025년 05월 16일,2025년 05월 16일 ~ 2030년 05월 15일,성능 · 상태점검자,True,,,,,3,script 의 부위별 손상표에서 읽음 (init 의 data 가 null (수리 부위 없음)),,32,0,20.0,16.52,17.0,-0.0,-0.0,20.0,16.52,5.0,-0.0,58.52,0,보통,True,"배터리 보증 여유 (6.6년 / 142,068km 남음, 기간(8년) 기준) ; 무사고 (보험이력 확인) ; 엔카진단 매물 ; 1인 소유",시세 비교 불가 (연식/주행거리 결측),,,https://ci.encar.com/carpicture06/pic4276/42765801_,http://www.encar.com/dc/dc_cardetailview.do?carid=42765801
,ix_xdrive50,BMW iX,42655772,34보3700,10250,9275.3,974.7,-10.51,12480,17.9,2026,3,0.53,9220,17448,서울,xDrive45 M 스포츠,,7.47,150780,93.4,기간(8년),True,True,무사고,0,0,0,0,False,,오일누유 / 미세누유 / 누유 / 냉각수누수 / 미세누수 / 누수 / 동력조향 작동 오일 누유 / 브레이크 마스터 실린더오일 누유 / 브레이크 오일 누유,"비금속 또는 탈부착 가능 부품은 점검사항에서 제외되며 중고차 특성상 부분적인 판금, 도색, 부식은 있을 수 있습니다.",타이어,,,,,9286.0,9275.0,-975.0,-10.51,-2.06,473.0,고평가,적정가보다 비쌉니다,과주행 +0.1만km=-11,,0.0,,,2134,WBY41CF07TCW93335,unverified,,,,XDRIVE45,,,unknown,,3469,11,108.4,주의 — 많이 봤는데 안 팔림,"하루 108회 조회(중앙값 14회)로 32일째입니다. 많은 사람이 보고 지나쳤다는 뜻이라, 화면에 안 보이는 이유가 있을 수 있습니다. 실차 확인이 특히 중요합니다. 조회 3,469회에 찜 11개(비율 0.32%, 중앙값 0.76%) — 보고 나서 관심을 접은 사람이 많다는 신호입니다.",,,,,2026-09-03T15:47:40,32,,2026-09-04,2026-10-04,10300,10300,-50,,,False,0,False,,12480,일반,False,"기준 시세 (동일 연식 · 평균주행 7,950km)=9,286 || 과주행 +0.1만km=-11 || = 적정가=9,275","세부상태 판정 불가: 냉각수누수(txt_state 에 on/active 가 없음 (판정 불가)), 연료누출(txt_state 에 on/active 가 없음 (판정 불가))",41.67,,,,,9219,-1,-0.0,False,False,,"비금속 또는 탈부착 가능 부품은 점검사항에서 제외되며 중고차 특성상 부분적인 판금, 도색, 부식은 있을 수 있습니다.","외장, 내장, 광택, 룸 클리링, 휠, 타이어, 유리",,,WBY41CF07TCW93335,,사고 상세 없음,False,,2 | 1,0,0,flood_part_count,2026년 03월 26일,최초등록일 2026-03-26,False,False,True,True,True,,,0.0,,,,,5,양호,9219,양호,없음,없음,없음,해당없음,,없음,없음,2026년 03월 26일,2026년 03월 26일 ~ 2031년 03월 25일,성능 · 상태점검자,True,,"냉각수누수(txt_state 에 on/active 가 없음 (판정 불가)), 연료누출(txt_state 에 on/active 가 없음 (판정 불가))",,,3,script 의 부위별 손상표에서 읽음 (init 의 data 가 null (수리 부위 없음)),,3469,11,5.99,18.68,17.0,-0.0,-0.0,5.99,18.68,0.0,-0.0,41.67,-975.0,보통,True,"배터리 보증 여유 (7.5년 / 150,780km 남음, 기간(8년) 기준) ; 무사고 (보험이력 확인) ; 엔카진단 매물 ; 1인 소유","시세 대비 10.5% 비쌈 (예측 9,275만원) ; 신차가 대비 감가 18% 에 그침",,,https://ci.encar.com/carpicture05/pic4265/42655772_,http://www.encar.com/dc/dc_cardetailview.do?carid=42655772
,ix_xdrive50,BMW iX,41294137,55구2288,6600,5960.4,639.6,-10.73,12260,46.2,2021,12,4.78,36331,7600,전남광주,xDrive40 퍼스트에디션,,3.22,123669,40.2,기간(8년),True,False,"내차 피해 5건 / 타차 가해 2건 / 내차 수리비 500만원 초과 (31,112,760원)",5,2,31112760,1,False,,,,,,0.0,,,5657.0,2811.0,-3789.0,-134.82,-8.16,465.0,고평가,적정가보다 비쌉니다,"사고이력 내차 5건 / 타차 2건 · 수리비 3,111만원=-3,111 ; 배터리 보증 잔여 부족 (40% · 기준 50% · 남은 3.2년 / 123,669km · 기간(8년) 기준)=-38","성능기록부가 사진뿐 — 수리 부위·고전원전기장치를 확인할 수 없음=-85 ; 자차보험 미가입 2구간 · 개인 소유 기간 (202312~202403, 202503~202510) — 그 기간 사고는 보험기록에 없을 수 있음=-283 ; 재등록 매물 — 한 번 안 팔려 다시 올림=-57 ; 사고는 있으나 수리 부위를 확인할 수 없음=-113",537.0,,,654,,unverified,,,,XDRIVE40,,,unknown,BMW iX 라인은 xDrive50 · M60 이 삼성SDI 로 확인됐고 xDrive40 은 미공개입니다. 같은 플랫폼이라 삼성SDI 일 가능성이 높지만 확정 자료가 없어 추정하지 않습니다 — 헤이딜러 출고 기록에서 확인하세요.,1824,7,79.3,,,,,202312~202403 | 202503~202510,,2026-09-12T05:55:28,23,,2026-08-30,2026-10-04,6990,6990,-390,,202312~202403 | 202503~202510,True,0,False,,12260,일반,True,"기준 시세 (동일 연식 · 평균주행 71,700km)=5,657 || 주행거리 적음 -3.5만km=+304 || 사고이력 내차 5건 / 타차 2건 · 수리비 3,111만원=-3,111 || 배터리 보증 잔여 부족 (40% · 기준 50% · 남은 3.2년 / 123,669km · 기간(8년) 기준)=-38 || = 적정가=2,811","사고는 있으나 수리 부위를 모릅니다 (점검자 코멘트에 부위 언급 없음) ; 고전원전기장치 판정 불가: 충전구 절연 상태(항목 없음), 구동축전지 격리 상태(항목 없음), 고전원전기배선 상태(항목 없음)",-18.2,,False,,,,,-0.0,,,,,,,,,"2025-03-06 내차 피해 보험금 10,300,000원 (부품 7,216,390원, 공임 663,780원, 도장 2,151,810원) | 2025-01-31 타차 가해 보험금 192,800원 (부품 208,960원, 공임 626,840원, 도장 921,730원) | 2025-01-30 내차 피해(부분) 보험금 4,291,510원 (부품 1,507,800원, 공임 287,210원, 도장 471,030원) | 2024-06-24 내차 피해 보험금 1,769,000원 (부품 1,790,140원, 공임 223,380원) | 2023-08-24 내차 피해 보험금 2,270,000원 (부품 2,098,100원, 공임 313,500원, 도장 110,000원) | 2022-12-04 내차 피해 보험금 15,010,000원 (부품 12,214,803원, 공임 1,378,250원, 도장 686,567원) | 2022-12-01 타차 가해 보험금 3,000,000원",검증됨 (내차 5건 / 타차 2건 일치),False,,2 | 1,0,0,flood_part_count,2021-12-24,최초등록일 2021-12-24,False,False,True,True,True,,,,,,,,0,,,,,,,,,없음,없음,,,,False,,,,"충전구 절연 상태(항목 없음), 구동축전지 격리 상태(항목 없음), 고전원전기배선 상태(항목 없음)",0,성능기록부가 사진(이미지)으로만 등록된 매물입니다 — 페이지에서 읽어 낼 수 있는 항목이 없습니다,배터리보증,1824,7,5.69,8.04,9.0,-0.0,-48.0,5.69,8.04,7.07,-48.0,-18.2,-3789.0,보통,True,성능점검상 수리 부위 없음 ; 엔카진단 매물 ; 1인 소유,"시세 대비 10.7% 비쌈 (예측 5,960만원) ; 사고이력: 내차 피해 5건 / 타차 가해 2건 / 내차 수리비 500만원 초과 (31,112,760원) ;   · 2025-03-06 내차 피해 보험금 10,300,000원 (부품 7,216,390원, 공임 663,780원, 도장 2,151,810원) ;   · 2025-01-31 타차 가해 보험금 192,800원 (부품 208,960원, 공임 626,840원, 도장 921,730원) ;   · 2025-01-30 내차 피해(부분) 보험금 4,291,510원 (부품 1,507,800원, 공임 287,210원, 도장 471,030원) ;   · 2024-06-24 내차 피해 보험금 1,769,000원 (부품 1,790,140원, 공임 223,380원) ;   · 2023-08-24 내차 피해 보험금 2,270,000원 (부품 2,098,100원, 공임 313,500원, 도장 110,000원) ;   · 2022-12-04 내차 피해 보험금 15,010,000원 (부품 12,214,803원, 공임 1,378,250원, 도장 686,567원) ;   · 2022-12-01 타차 가해 보험금 3,000,000원 ; 주행거리 계기상태 판정 불가 (성능기록부 표기 확인 필요)",,,https://ci.encar.com/carpicture09/pic4129/41294137_,http://www.encar.com/dc/dc_cardetailview.do?carid=41294137
,ix_xdrive50,BMW iX,42671775,34부4185,7950,5922.2,2027.8,-34.24,12260,35.2,2022,1,4.68,48772,10411,경기,xDrive40 퍼스트에디션,,3.32,111228,41.4,기간(8년),True,False,"내차 피해 1건 / 내차 수리비 50~200만원 (869,490원)",1,0,869490,3,False,,오일누유 / 미세누유 / 누유 / 냉각수누수 / 미세누수 / 누수 / 동력조향 작동 오일 누유 / 브레이크 마스터 실린더오일 누유 / 브레이크 오일 누유,,타이어,"도어(좌) 판금/용접(W) — 외판 1랭크, 구조 영향 없음 (볼트 체결 부품, 법적으로 무사고 표기 가능)",1.9,외판1,W,5738.0,5677.0,-2273.0,-40.03,-4.89,465.0,고평가,적정가보다 비쌉니다,"사고이력 내차 1건 / 타차 0건 · 수리비 87만원 · 외판 1랭크=-100 ; 배터리 보증 잔여 부족 (41% · 기준 50% · 남은 3.3년 / 111,228km · 기간(8년) 기준)=-30 ; 소유자 변경 3회=-115",자차보험 미가입 1구간 · 개인 소유 기간 (202506~202507) — 그 기간 사고는 보험기록에 없을 수 있음=-143,143.0,,,971,WBY11CF06NCJ01140,unverified,,,,XDRIVE40,,,unknown,BMW iX 라인은 xDrive50 · M60 이 삼성SDI 로 확인됐고 xDrive40 은 미공개입니다. 같은 플랫폼이라 삼성SDI 일 가능성이 높지만 확정 자료가 없어 추정하지 않습니다 — 헤이딜러 출고 기록에서 확인하세요.,79,0,2.8,,,,,202506~202507,,2026-09-07T14:19:51,28,,2026-09-10,2026-10-04,7950,,0,,202506~202507,False,0,False,,12260,일반,False,"기준 시세 (동일 연식 · 평균주행 70,200km)=5,738 || 주행거리 적음 -2.1만km=+184 || 사고이력 내차 1건 / 타차 0건 · 수리비 87만원 · 외판 1랭크=-100 || 배터리 보증 잔여 부족 (41% · 기준 50% · 남은 3.3년 / 111,228km · 기간(8년) 기준)=-30 || 소유자 변경 3회=-115 || = 적정가=5,677","세부상태 판정 불가: 변속기(txt_state 에 on/active 가 없음 (판정 불가)), 연료누출(txt_state 에 on/active 가 없음 (판정 불가))",4.78,,,,,48751,-21,-0.0,False,True,"2, 미이행","비금속재질(FRP)/크로스멤버(볼트체결식) 보증제외. 도장흔적은 판금,용접으로 표기치 않음. 정비이력없음. ","외장, 내장, 광택, 룸 클리링, 휠, 타이어, 유리",,,WBY11CF06NCJ01140,"2024-01-09 내차 피해 보험금 750,000원 (부품 628,710원, 공임 124,170원, 도장 116,610원)",검증됨 (내차 1건 / 타차 0건 일치),False,,2 | 1,0,0,flood_part_count,2022년 01월 28일,최초등록일 2022-01-28,False,False,False,True,True,성능기록부,"도어(좌) 판금/용접(W) — 외판 1랭크, 구조 영향 없음 (볼트 체결 부품, 법적으로 무사고 표기 가능)",1.9,외판1,W,,,5,양호,48751,양호,없음,없음,없음,해당,미이행,없음,있음,2022년 01월 28일,2026년 01월 28일 ~ 2028년 01월 27일,성능 · 상태점검자,False,,"변속기(txt_state 에 on/active 가 없음 (판정 불가)), 연료누출(txt_state 에 on/active 가 없음 (판정 불가))",,,3,script 의 부위별 손상표에서 읽음 (data (script #6)),,79,0,0.0,8.28,5.0,-0.0,-11.9,0.0,8.28,3.4,-11.9,4.78,-2273.0,보통,True,엔카진단 매물,"시세 대비 34.2% 비쌈 (예측 5,922만원) ; 사고이력: 내차 피해 1건 / 내차 수리비 50~200만원 (869,490원) ;   · 2024-01-09 내차 피해 보험금 750,000원 (부품 628,710원, 공임 124,170원, 도장 116,610원) ; 도어(좌) 판금/용접(W) — 외판 1랭크, 구조 영향 없음 (볼트 체결 부품, 법적으로 무사고 표기 가능)",,,https://ci.encar.com/carpicture07/pic4267/42671775_,http://www.encar.com/dc/dc_cardetailview.do?carid=42671775
,ix_xdrive50,BMW iX,42620481,33노4262,6250,5383.4,866.6,-16.1,12260,49.0,2021,12,4.77,104342,21890,경기,xDrive40 퍼스트에디션,,3.23,55658,34.8,주행(16만km),True,False,"내차 피해 2건 / 타차 가해 2건 / 내차 수리비 500만원 초과 (10,619,686원)",2,2,10619686,3,False,,오일누유 / 미세누유 / 누유 / 냉각수누수 / 미세누수 / 누수 / 동력조향 작동 오일 누유 / 브레이크 마스터 실린더오일 누유 / 브레이크 오일 누유,,타이어,"프론트펜더(우) 판금/용접(W) — 외판 1랭크, 구조 영향 없음 (볼트 체결 부품, 법적으로 무사고 표기 가능) | 도어(우) 판금/용접(W) — 외판 1랭크, 구조 영향 없음 (볼트 체결 부품, 법적으로 무사고 표기 가능)",1.9,외판1,W,5665.0,4116.0,-2134.0,-51.86,-4.59,465.0,고평가,적정가보다 비쌉니다,"과주행 +3.3만km=-281 ; 사고이력 내차 2건 / 타차 2건 · 수리비 1,062만원 · 외판 1랭크=-1,062 ; 배터리 보증 잔여 부족 (35% · 기준 50% · 남은 3.2년 / 55,658km · 주행(16만km) 기준)=-92 ; 소유자 변경 3회=-113",,0.0,,,907,WBY11CF0XNCJ01139,unverified,,,,XDRIVE40,,,unknown,BMW iX 라인은 xDrive50 · M60 이 삼성SDI 로 확인됐고 xDrive40 은 미공개입니다. 같은 플랫폼이라 삼성SDI 일 가능성이 높지만 확정 자료가 없어 추정하지 않습니다 — 헤이딜러 출고 기록에서 확인하세요.,1093,1,28.8,주의 — 많이 봤는데 안 팔림,"하루 29회 조회(중앙값 14회)로 38일째입니다. 많은 사람이 보고 지나쳤다는 뜻이라, 화면에 안 보이는 이유가 있을 수 있습니다. 실차 확인이 특히 중요합니다. 조회 1,093회에 찜 1개(비율 0.09%, 중앙값 0.76%) — 보고 나서 관심을 접은 사람이 많다는 신호입니다.",,,,,2026-08-28T14:16:55,38,,2026-08-30,2026-10-04,6250,,0,,,False,0,False,,12260,일반,False,"기준 시세 (동일 연식 · 평균주행 71,550km)=5,665 || 과주행 +3.3만km=-281 || 사고이력 내차 2건 / 타차 2건 · 수리비 1,062만원 · 외판 1랭크=-1,062 || 배터리 보증 잔여 부족 (35% · 기준 50% · 남은 3.2년 / 55,658km · 주행(16만km) 기준)=-92 || 소유자 변경 3회=-113 || = 적정가=4,116","세부상태 판정 불가: 변속기(txt_state 에 on/active 가 없음 (판정 불가)), 연료누출(txt_state 에 on/active 가 없음 (판정 불가))",-17.94,,,,,104336,-6,-0.0,False,True,"1, 이행","비금속재질(FRP)/크로스멤버(볼트체결식) 보증제외. 도장흔적은 판금,용접으로 표기치 않음. 정비이력있음. ","외장, 내장, 광택, 룸 클리링, 휠, 타이어, 유리",,,WBY11CF0XNCJ01139,"2025-11-21 내차 피해(부분) 보험금 12,297,184원 (부품 7,135,400원, 공임 500,117원, 도장 1,076,425원) | 2023-08-22 타차 가해 보험금 1,024,800원 (부품 12,630원, 공임 137,030원, 도장 351,250원) | 2022-04-29 내차 피해(부분) 보험금 2,001,000원 (부품 803,182원, 공임 110,833원, 도장 993,729원) | 2022-02-25 타차 가해 보험금 2,852,420원 (부품 1,035,450원, 공임 534,400원, 도장 733,300원)",검증됨 (내차 2건 / 타차 2건 일치),False,,2 | 1,0,0,flood_part_count,2021년 12월 29일,최초등록일 2021-12-29,False,False,False,True,True,성능기록부,"프론트펜더(우) 판금/용접(W) — 외판 1랭크, 구조 영향 없음 (볼트 체결 부품, 법적으로 무사고 표기 가능) | 도어(우) 판금/용접(W) — 외판 1랭크, 구조 영향 없음 (볼트 체결 부품, 법적으로 무사고 표기 가능)",1.9,외판1,W,,,5,양호,104336,양호,없음,없음,없음,해당,이행,없음,있음,2021년 12월 29일,2025년 12월 29일 ~ 2027년 12월 28일,성능 · 상태점검자,False,,"변속기(txt_state 에 on/active 가 없음 (판정 불가)), 연료누출(txt_state 에 on/active 가 없음 (판정 불가))",,,3,script 의 부위별 손상표에서 읽음 (data (script #6)),,1093,1,0.0,6.96,5.0,-0.0,-37.9,0.0,6.96,8.0,-37.9,-17.94,-2134.0,보통,True,엔카진단 매물,"시세 대비 16.1% 비쌈 (예측 5,383만원) ; 사고이력: 내차 피해 2건 / 타차 가해 2건 / 내차 수리비 500만원 초과 (10,619,686원) ;   · 2025-11-21 내차 피해(부분) 보험금 12,297,184원 (부품 7,135,400원, 공임 500,117원, 도장 1,076,425원) ;   · 2023-08-22 타차 가해 보험금 1,024,800원 (부품 12,630원, 공임 137,030원, 도장 351,250원) ;   · 2022-04-29 내차 피해(부분) 보험금 2,001,000원 (부품 803,182원, 공임 110,833원, 도장 993,729원) ;   · 2022-02-25 타차 가해 보험금 2,852,420원 (부품 1,035,450원, 공임 534,400원, 도장 733,300원) ; 프론트펜더(우) 판금/용접(W) — 외판 1랭크, 구조 영향 없음 (볼트 체결 부품, 법적으로 무사고 표기 가능) ; 도어(우) 판금/용접(W) — 외판 1랭크, 구조 영향 없음 (볼트 체결 부품, 법적으로 무사고 표기 가능)",,,https://ci.encar.com/carpicture02/pic4262/42620481_,http://www.encar.com/dc/dc_cardetailview.do?carid=42620481
,ix_xdrive50,BMW iX,42673379,09모0481,9980,9417.8,562.2,-5.97,15920,37.3,2023,11,2.87,38594,13437,경기,xDrive M60,,5.13,121406,64.1,기간(8년),True,True,무사고,0,0,0,2,False,,오일누유 / 미세누유 / 누유 / 냉각수누수 / 미세누수 / 누수 / 동력조향 작동 오일 누유 / 브레이크 마스터 실린더오일 누유 / 브레이크 오일 누유,"비금속(FRP 플라스틱)의 탈부착 가능 부품은 점검사항에서 제외되며 중고차 특성 상 부분적인 판금,도색 및 차량의 노후화에 따른 자연스러운 부식이 있을 수 있습니다. / 정비이력없음",타이어,,,,,9368.0,9324.0,-656.0,-7.03,-1.09,603.0,고평가,적정가보다 비쌉니다,소유자 변경 2회=-94,,0.0,,에어서스펜션,690,WBY31CF00RCP00730,unverified,,,,XDRIVEM60,,삼성SDI,low,국내 선호 제조사,884,2,31.6,주의 — 보고 실망,"조회 884회에 찜 2개(비율 0.23%, 중앙값 0.76%) — 보고 나서 관심을 접은 사람이 많다는 신호입니다.",,,,,2026-09-07T16:17:24,28,,2026-09-10,2026-10-04,10600,10130,-620,,,False,0,False,,15920,일반,False,"기준 시세 (동일 연식 · 평균주행 43,050km)=9,368 || 주행거리 적음 -0.4만km=+50 || 소유자 변경 2회=-94 || = 적정가=9,324",,41.96,,,,,38586,-8,-0.0,False,True,"1, 이행","비금속(FRP 플라스틱)의 탈부착 가능 부품은 점검사항에서 제외되며 중고차 특성 상 부분적인 판금,도색 및 차량의 노후화에 따른 자연스러운 부식이 있을 수 있습니다. / 정비이력없음 ","외장, 내장, 광택, 룸 클리링, 휠, 타이어, 유리",,,WBY31CF00RCP00730,,사고 상세 없음,False,,2 | 2 | 1 | 1,1,0,flood_part_count,2023년 11월 21일,최초등록일 2023-11-21,False,False,False,True,True,,,0.0,,,,,5,양호,38586,양호,없음,없음,없음,해당,이행,없음,없음,2023년 11월 21일,2023년 11월 21일 ~ 2027년 11월 20일,성능 · 상태점검자,True,,,,,3,script 의 부위별 손상표에서 읽음 (init 의 data 가 null (수리 부위 없음)),,884,2,12.04,12.82,13.0,-0.0,-0.0,12.04,12.82,4.1,-0.0,41.96,-656.0,보통,True,"배터리 보증 여유 (5.1년 / 121,406km 남음, 기간(8년) 기준) ; 무사고 (보험이력 확인) ; 엔카진단 매물","시세 대비 6.0% 비쌈 (예측 9,418만원)",,,https://ci.encar.com/carpicture07/pic4267/42673379_,http://www.encar.com/dc/dc_cardetailview.do?carid=42673379
,ix_xdrive50,BMW iX,42723198,47러5481,7650,6009.0,1641.0,-27.31,12260,37.6,2021,11,4.88,22660,4647,경기,xDrive40 퍼스트에디션,,3.12,137340,39.0,기간(8년),True,False,"내차 피해 1건 / 타차 가해 1건 / 내차 수리비 50~200만원 (887,000원)",1,1,887000,1,False,,오일누유 / 미세누유 / 누유 / 냉각수누수 / 미세누수 / 누수 / 동력조향 작동 오일 누유 / 브레이크 마스터 실린더오일 누유 / 브레이크 오일 누유,"비금속(FRP 플라스틱)의 탈부착 가능 부품은 점검사항에서 제외되며 중고차 특성 상 부분적인 판금,도색 및 차량의 노후화에 따른 자연스러운 부식이 있을 수 있습니다. 배출가스 미측정.",타이어,,,,,5575.0,5872.0,-1778.0,-30.28,-3.83,465.0,고평가,적정가보다 비쌉니다,"사고이력 내차 1건 / 타차 1건 · 수리비 89만원=-89 ; 배터리 보증 잔여 부족 (39% · 기준 50% · 남은 3.1년 / 137,340km · 기간(8년) 기준)=-48",자차보험 미가입 1구간 · 개인 소유 기간 (202606~202606) — 그 기간 사고는 보험기록에 없을 수 있음=-139 ; 사고는 있으나 수리 부위를 확인할 수 없음=-112,251.0,,,327,WBY11CF01NCH78681,unverified,,,,XDRIVE40,,,unknown,BMW iX 라인은 xDrive50 · M60 이 삼성SDI 로 확인됐고 xDrive40 은 미공개입니다. 같은 플랫폼이라 삼성SDI 일 가능성이 높지만 확정 자료가 없어 추정하지 않습니다 — 헤이딜러 출고 기록에서 확인하세요.,421,6,17.5,,,,,202606~202606,,2026-09-11T19:00:32,24,,2026-09-12,2026-10-04,7670,7670,-20,,202606~202606,False,0,False,,12260,일반,False,"기준 시세 (동일 연식 · 평균주행 73,200km)=5,575 || 주행거리 적음 -5.1만km=+434 || 사고이력 내차 1건 / 타차 1건 · 수리비 89만원=-89 || 배터리 보증 잔여 부족 (39% · 기준 50% · 남은 3.1년 / 137,340km · 기간(8년) 기준)=-48 || = 적정가=5,872",사고는 있으나 수리 부위를 모릅니다 (점검자 코멘트에 부위 언급 없음),4.5,,,,,22660,0,-0.0,False,False,,"비금속(FRP 플라스틱)의 탈부착 가능 부품은 점검사항에서 제외되며 중고차 특성 상 부분적인 판금,도색 및 차량의 노후화에 따른 자연스러운 부식이 있을 수 있습니다. 배출가스 미측정.","외장, 내장, 광택, 룸 클리링, 휠, 타이어, 유리",,,WBY11CF01NCH78681,"2024-12-30 내차 피해(부분) 보험금 900,000원 (부품 120,000원, 공임 257,000원, 도장 510,000원) | 2023-03-17 타차 가해 보험금 1,999,000원 (부품 665,732원, 공임 278,250원, 도장 375,069원)",검증됨 (내차 1건 / 타차 1건 일치),False,,2 | 1,0,0,flood_part_count,2021년 11월 19일,최초등록일 2021-11-19,False,False,True,False,True,,,0.0,,,,,5,양호,22660,양호,없음,없음,없음,해당없음,,없음,없음,2021년 11월 19일,2021년 11월 19일 ~ 2025년 11월 18일,성능 · 상태점검자,True,,,,,3,script 의 부위별 손상표에서 읽음 (init 의 data 가 null (수리 부위 없음)),신한EZ,421,6,0.0,7.8,4.0,-0.0,-11.5,0.0,7.8,4.2,-11.5,4.5,-1778.0,보통,True,1인 소유,"시세 대비 27.3% 비쌈 (예측 6,009만원) ; 사고이력: 내차 피해 1건 / 타차 가해 1건 / 내차 수리비 50~200만원 (887,000원) ;   · 2024-12-30 내차 피해(부분) 보험금 900,000원 (부품 120,000원, 공임 257,000원, 도장 510,000원) ;   · 2023-03-17 타차 가해 보험금 1,999,000원 (부품 665,732원, 공임 278,250원, 도장 375,069원)",,,https://ci.encar.com/carpicture02/pic4272/42723198_,http://www.encar.com/dc/dc_cardetailview.do?carid=42723198
,ix_xdrive50,BMW iX,42823113,17러5684,9380,9012.0,368.0,-4.08,15920,41.1,2023,8,3.17,51000,16105,경남,xDrive M60,,4.83,109000,60.4,기간(8년),False,,확인 불가,,,,,,,,,,,,,,9050.0,8831.0,-549.0,-6.22,-0.91,603.0,고평가,적정가보다 비쌉니다,과주행 +0.3만km=-38 ; 보험이력 미확인 (보수적 반영)=-181,성능기록부가 사진뿐 — 수리 부위·고전원전기장치를 확인할 수 없음=-136,136.0,,,298,,unverified,,,,XDRIVEM60,,삼성SDI,low,국내 선호 제조사,19,0,4.8,,,,,,,2026-10-01T10:46:28,4,,2026-10-01,2026-10-04,9380,,0,,,False,,False,,15920,일반,True,"기준 시세 (동일 연식 · 평균주행 47,550km)=9,050 || 과주행 +0.3만km=-38 || 보험이력 미확인 (보수적 반영)=-181 || = 적정가=8,831","보험이력을 확인하지 못했습니다 — 실제 사고이력이 있다면 적정가는 더 낮아집니다 ; 소유자 변경 횟수 정보없음 ; 과거 용도 이력 정보없음 ; 고전원전기장치 판정 불가: 충전구 절연 상태(항목 없음), 구동축전지 격리 상태(항목 없음), 고전원전기배선 상태(항목 없음)",29.0,,,,,,,-0.0,,,,,,,,,,사고 상세 없음,False,,,,,,,연식 2023.08 (최초등록일 응답에 없음),False,False,,False,True,,,,,,,,0,,,,,,,,,,,,,,False,,,,"충전구 절연 상태(항목 없음), 구동축전지 격리 상태(항목 없음), 고전원전기배선 상태(항목 없음)",0,성능기록부가 사진(이미지)으로만 등록된 매물입니다 — 페이지에서 읽어 낼 수 있는 항목이 없습니다,,19,0,14.55,12.08,0.0,-0.0,-3.0,14.55,12.08,5.37,-3.0,29.0,-549.0,보통,True,"배터리 보증 여유 (4.8년 / 109,000km 남음, 기간(8년) 기준)",보험이력을 확인하지 못했습니다 (응답에 없음) ; 주행거리 계기상태 판정 불가 (성능기록부 표기 확인 필요),,,https://ci.encar.com/carpicture02/pic4282/42823113_,http://www.encar.com/dc/dc_cardetailview.do?carid=42823113
,ix_xdrive50,BMW iX,42816166,15머8153,9880,8560.8,1319.2,-15.41,12480,20.8,2025,8,1.49,14180,9503,경기,xDrive45 M 스포츠,,6.51,145820,81.3,기간(8년),False,,확인 불가,,,,,,,오일누유 / 미세누유 / 누유 / 냉각수누수 / 미세누수 / 누수 / 동력조향 작동 오일 누유 / 브레이크 마스터 실린더오일 누유 / 브레이크 오일 누유,,타이어,,,,,8489.0,8391.0,-1489.0,-17.74,-3.15,473.0,고평가,적정가보다 비쌉니다,보험이력 미확인 (보수적 반영)=-170,,0.0,,,781,WBY41CF04TCV37995,unverified,,,,XDRIVE45,,,unknown,,263,1,52.6,,,,,,,2026-09-30T14:06:17,5,,2026-10-01,2026-10-04,9880,,0,,,False,,False,,12480,일반,False,"기준 시세 (동일 연식 · 평균주행 22,350km)=8,489 || 주행거리 적음 -0.8만km=+71 || 보험이력 미확인 (보수적 반영)=-170 || = 적정가=8,391",보험이력을 확인하지 못했습니다 — 실제 사고이력이 있다면 적정가는 더 낮아집니다 ; 소유자 변경 횟수 정보없음 ; 과거 용도 이력 정보없음,18.26,,,,,14169,-11,-0.0,False,False,,,"외장, 내장, 광택, 룸 클리링, 휠, 타이어, 유리",,,WBY41CF04TCV37995,,사고 상세 없음,False,,,,,,2025년 04월 08일,최초등록일 2025-04-08,False,False,,True,True,,,0.0,,,,,5,양호,14169,양호,없음,없음,없음,해당없음,,없음,없음,2025년 04월 08일,2025년 08월 08일 ~ 2030년 08월 07일,성능 · 상태점검자,True,,,,,3,script 의 부위별 손상표에서 읽음 (init 의 data 가 null (수리 부위 없음)),,263,1,0.0,16.26,5.0,-0.0,-3.0,0.0,16.26,0.0,-3.0,18.26,-1489.0,보통,True,"배터리 보증 여유 (6.5년 / 145,820km 남음, 기간(8년) 기준) ; 엔카진단 매물","시세 대비 15.4% 비쌈 (예측 8,561만원) ; 신차가 대비 감가 21% 에 그침 ; 보험이력을 확인하지 못했습니다 (응답에 없음)",,,https://ci.encar.com/carpicture01/pic4281/42816166_,http://www.encar.com/dc/dc_cardetailview.do?carid=42816166
,ix_xdrive50,BMW iX,42742798,32가4333,8050,8835.2,-785.2,8.89,12480,35.5,2025,10,1.01,21187,20971,인천,xDrive45 M 스포츠,,6.99,138813,86.8,주행(16만km),True,True,무사고,0,0,0,2,False,,오일누유 / 미세누유 / 누유 / 냉각수누수 / 미세누수 / 누수 / 동력조향 작동 오일 누유 / 브레이크 마스터 실린더오일 누유 / 브레이크 오일 누유,"A(흠집)U(요철)T(손상) 보증제외.  비금속 또는 탈부착 가능부품은 점검사항에서 제외되며, 중고차 특성상 부분적인 부식 판금 도색은 있을 수 있습니다.팬더브라켓충격.(DB손해보험 접수.1811-8769)",타이어,"후드 교환(X) — 외판 1랭크, 구조 영향 없음 (볼트 체결 부품, 법적으로 무사고 표기 가능) | 프론트펜더(좌) 교환(X) — 외판 1랭크, 구조 영향 없음 (볼트 체결 부품, 법적으로 무사고 표기 가능) | 프론트펜더(우) 교환(X) — 외판 1랭크, 구조 영향 없음 (볼트 체결 부품, 법적으로 무사고 표기 가능) | 도어(좌) 판금/용접(W) — 외판 1랭크, 구조 영향 없음 (볼트 체결 부품, 법적으로 무사고 표기 가능) | 라디에이터서포트 교환(X) — 외판 1랭크, 구조 영향 없음 (볼트 체결 부품, 법적으로 무사고 표기 가능) | 쿼터패널(좌) 판금/용접(W) — 외판 2랭크, 절단·용접 시에만 사고로 표기됨",13.0,외판2,W,8888.0,8346.0,296.0,3.55,0.63,473.0,설명되지 않는 저평가,296만원이 싼데 그럴 만한 사유를 찾지 못했습니다 — 직접 확인해 볼 매물입니다,과주행 +0.6만km=-53 ; 사고이력 외판 2랭크=-400 ; 소유자 변경 2회=-89,,0.0,296.0,,2948,WBY41CF02TCV85379,unverified,,,,XDRIVE45,,,unknown,,5306,22,279.3,,,,,,,2026-09-16T11:53:59,19,,2026-09-18,2026-10-04,8150,8100,-100,,,False,0,False,,12480,일반,False,"기준 시세 (동일 연식 · 평균주행 15,150km)=8,888 || 과주행 +0.6만km=-53 || 사고이력 외판 2랭크=-400 || 소유자 변경 2회=-89 || = 적정가=8,346",,47.71,,,,,21188,1,-0.0,False,False,,"A(흠집)U(요철)T(손상) 보증제외.  비금속 또는 탈부착 가능부품은 점검사항에서 제외되며, 중고차 특성상 부분적인 부식 판금 도색은 있을 수 있습니다.팬더브라켓충격.(DB손해보험 접수.1811-8769)","외장, 내장, 광택, 룸 클리링, 휠, 타이어, 유리",,,WBY41CF02TCV85379,,사고 상세 없음,False,,2 | 1,0,0,flood_part_count,2025년 10월 01일,최초등록일 2025-10-01,False,False,False,False,True,성능기록부,"후드 교환(X) — 외판 1랭크, 구조 영향 없음 (볼트 체결 부품, 법적으로 무사고 표기 가능) | 프론트펜더(좌) 교환(X) — 외판 1랭크, 구조 영향 없음 (볼트 체결 부품, 법적으로 무사고 표기 가능) | 프론트펜더(우) 교환(X) — 외판 1랭크, 구조 영향 없음 (볼트 체결 부품, 법적으로 무사고 표기 가능) | 도어(좌) 판금/용접(W) — 외판 1랭크, 구조 영향 없음 (볼트 체결 부품, 법적으로 무사고 표기 가능) | 라디에이터서포트 교환(X) — 외판 1랭크, 구조 영향 없음 (볼트 체결 부품, 법적으로 무사고 표기 가능) | 쿼터패널(좌) 판금/용접(W) — 외판 2랭크, 절단·용접 시에만 사고로 표기됨",13.0,외판2,W,,,5,양호,21188,양호,없음,없음,없음,해당없음,,없음,있음,2025년 10월 01일,2025년 10월 01일 ~ 2030년 09월 30일,성능 · 상태점검자,False,,,,,3,script 의 부위별 손상표에서 읽음 (data (script #6)),,5306,22,31.85,17.36,8.0,-0.0,-13.0,31.85,17.36,3.5,-13.0,47.71,296.0,보통,True,"시세 대비 8.9% 저평가 (예측 8,835만원) ; 배터리 보증 여유 (7.0년 / 138,813km 남음, 주행(16만km) 기준) ; 무사고 (보험이력 확인)","후드 교환(X) — 외판 1랭크, 구조 영향 없음 (볼트 체결 부품, 법적으로 무사고 표기 가능) ; 프론트펜더(좌) 교환(X) — 외판 1랭크, 구조 영향 없음 (볼트 체결 부품, 법적으로 무사고 표기 가능) ; 프론트펜더(우) 교환(X) — 외판 1랭크, 구조 영향 없음 (볼트 체결 부품, 법적으로 무사고 표기 가능) ; 도어(좌) 판금/용접(W) — 외판 1랭크, 구조 영향 없음 (볼트 체결 부품, 법적으로 무사고 표기 가능) ; 라디에이터서포트 교환(X) — 외판 1랭크, 구조 영향 없음 (볼트 체결 부품, 법적으로 무사고 표기 가능) ; 쿼터패널(좌) 판금/용접(W) — 외판 2랭크, 절단·용접 시에만 사고로 표기됨",,,https://ci.encar.com/carpicture04/pic4274/42742798_,http://www.encar.com/dc/dc_cardetailview.do?carid=42742798
,ix_xdrive50,BMW iX,42664598,10러8363,12100,11113.6,986.4,-8.88,15380,21.3,2025,11,0.86,12254,14254,서울,xDrive60 M 스포츠 프로,,7.14,147746,89.3,기간(8년),True,True,무사고,0,0,0,0,False,,,,,,0.0,,,11107.0,11114.0,-986.0,-8.88,-1.69,583.0,고평가,적정가보다 비쌉니다,,성능기록부가 사진뿐 — 수리 부위·고전원전기장치를 확인할 수 없음=-167,167.0,,,3892,,unverified,,,,XDRIVE60,,,unknown,,3314,30,103.6,주의 — 많이 봤는데 안 팔림,"하루 104회 조회(중앙값 14회)로 32일째입니다. 많은 사람이 보고 지나쳤다는 뜻이라, 화면에 안 보이는 이유가 있을 수 있습니다. 실차 확인이 특히 중요합니다.",,,,,2026-09-03T18:40:39,32,,2026-09-04,2026-10-04,12500,12300,-400,,,False,0,False,,15380,일반,True,"기준 시세 (동일 연식 · 평균주행 12,900km)=11,107 || 주행거리 적음 -0.1만km=+7 || = 적정가=11,114","고전원전기장치 판정 불가: 충전구 절연 상태(항목 없음), 구동축전지 격리 상태(항목 없음), 고전원전기배선 상태(항목 없음)",38.03,,False,,,,,-0.0,,,,,,,,,,사고 상세 없음,False,,2 | 1,0,0,flood_part_count,2025-11-25,최초등록일 2025-11-25,False,False,True,False,True,,,,,,,,0,,,,,,,,,없음,없음,,,,False,,,,"충전구 절연 상태(항목 없음), 구동축전지 격리 상태(항목 없음), 고전원전기배선 상태(항목 없음)",0,성능기록부가 사진(이미지)으로만 등록된 매물입니다 — 페이지에서 읽어 낼 수 있는 항목이 없습니다,,3314,30,8.17,17.86,12.0,-0.0,-0.0,8.17,17.86,0.0,-0.0,38.03,-986.0,보통,True,"배터리 보증 여유 (7.1년 / 147,746km 남음, 기간(8년) 기준) ; 성능점검상 수리 부위 없음 ; 무사고 (보험이력 확인) ; 1인 소유","시세 대비 8.9% 비쌈 (예측 11,114만원) ; 신차가 대비 감가 21% 에 그침 ; 주행거리 계기상태 판정 불가 (성능기록부 표기 확인 필요)",,,https://ci.encar.com/carpicture06/pic4266/42664598_,http://www.encar.com/dc/dc_cardetailview.do?carid=42664598
,ix_xdrive50,BMW iX,42600484,143수6436,9400,8800.3,599.7,-6.81,12710,26.0,2025,8,1.14,33000,28904,부산,xDrive45 M 스포츠 퍼스트 에디션,,6.86,127000,79.4,주행(16만km),True,True,무사고,0,0,0,1,False,,,,,,,,,8942.0,8800.0,-600.0,-6.81,-1.24,482.0,고평가,적정가보다 비쌉니다,과주행 +1.6만km=-141,성능기록부가 사진뿐 — 수리 부위·고전원전기장치를 확인할 수 없음=-134,134.0,,,282,,unverified,,,,XDRIVE45,,,unknown,,1654,8,39.4,주의 — 많이 봤는데 안 팔림,"하루 39회 조회(중앙값 14회)로 42일째입니다. 많은 사람이 보고 지나쳤다는 뜻이라, 화면에 안 보이는 이유가 있을 수 있습니다. 실차 확인이 특히 중요합니다.",,,,,2026-08-24T18:09:22,42,,2026-08-30,2026-10-04,9400,,0,,,False,0,False,,12710,일반,True,"기준 시세 (동일 연식 · 평균주행 17,100km)=8,942 || 과주행 +1.6만km=-141 || = 적정가=8,800","고전원전기장치 판정 불가: 충전구 절연 상태(항목 없음), 구동축전지 격리 상태(항목 없음), 고전원전기배선 상태(항목 없음)",33.13,,,,,,,-0.0,,,,,,,,,,사고 상세 없음,False,,2 | 2 | 1 | 1,1,0,flood_part_count,2025-08-14,최초등록일 2025-08-14,False,False,True,False,True,,,,,,,,0,,,,,,,,,,,,,,False,,,,"충전구 절연 상태(항목 없음), 구동축전지 격리 상태(항목 없음), 고전원전기배선 상태(항목 없음)",0,성능기록부가 사진(이미지)으로만 등록된 매물입니다 — 페이지에서 읽어 낼 수 있는 항목이 없습니다,,1654,8,10.91,15.88,12.0,-6.0,-6.0,10.91,15.88,0.33,-0.0,33.13,-600.0,보통,True,"배터리 보증 여유 (6.9년 / 127,000km 남음, 주행(16만km) 기준) ; 무사고 (보험이력 확인) ; 1인 소유","시세 대비 6.8% 비쌈 (예측 8,800만원) ; 과주행 (연 28,904km) ; 주행거리 계기상태 판정 불가 (성능기록부 표기 확인 필요)",,,https://ci.encar.com/carpicture10/pic4260/42600484_,http://www.encar.com/dc/dc_cardetailview.do?carid=42600484
,eqe_suv_350,벤츠 EQE SUV,42653116,238도7184,11650,10960.5,689.5,-6.29,15500,24.8,2024,12,1.8,5500,3048,부산,EQE53 AMG 4MATIC+,,6.2,154500,77.4,기간(8년),True,True,무사고,0,0,0,0,False,,오일누유 / 미세누유 / 누유 / 냉각수누수 / 미세누수 / 누수 / 동력조향 작동 오일 누유 / 브레이크 마스터 실린더오일 누유 / 브레이크 오일 누유,,"단순판금,타이어,소모품(브레이크 패드 디스크 등)은 제외됩니다. / 타이어",,,,,10727.0,10961.0,-689.0,-6.29,-1.17,587.0,고평가,적정가보다 비쌉니다,,,0.0,,,4257,W1NGM5DB3RA051634,unverified,,,,EQE53 AMG 4MATIC+,503.0,,unknown,,1923,8,58.3,주의 — 많이 봤는데 안 팔림,"하루 58회 조회(중앙값 14회)로 33일째입니다. 많은 사람이 보고 지나쳤다는 뜻이라, 화면에 안 보이는 이유가 있을 수 있습니다. 실차 확인이 특히 중요합니다.",,,,,2026-09-02T09:24:32,33,,2026-09-02,2026-10-04,11800,11800,-150,,,False,0,False,,15500,일반,False,"기준 시세 (동일 연식 · 평균주행 27,000km)=10,727 ||   ㄴ 위 기준 시세에 반영됨: EQE53 AMG 4MATIC+ 트림의 실측 시장 편차=+503 || 주행거리 적음 -2.1만km=+233 || = 적정가=10,961",,39.09,,,,,5444,-56,-0.0,False,False,,"단순판금,타이어,소모품(브레이크 패드 디스크 등)은 제외됩니다.","외장, 내장, 광택, 룸 클리링, 휠, 타이어, 유리",,,W1NGM5DB3RA051634,,사고 상세 없음,False,,2 | 1,0,0,flood_part_count,2024년 12월 15일,최초등록일 2024-12-15,False,False,True,False,True,,,0.0,,,,,5,양호,5444,양호,없음,없음,없음,해당없음,,없음,없음,2024년 12월 15일,2025년 12월 15일 ~ 2030년 12월 14일,성능 · 상태점검자,True,,,,,3,script 의 부위별 손상표에서 읽음 (init 의 data 가 null (수리 부위 없음)),메르세데스벤츠코리아,1923,8,11.61,15.48,12.0,-0.0,-0.0,11.61,15.48,0.0,-0.0,39.09,-689.0,보통,True,"배터리 보증 여유 (6.2년 / 154,500km 남음, 기간(8년) 기준) ; 무사고 (보험이력 확인) ; 1인 소유","시세 대비 6.3% 비쌈 (예측 10,961만원) ; 신차가 대비 감가 25% 에 그침",,,https://ci.encar.com/carpicture05/pic4265/42653116_,http://www.encar.com/dc/dc_cardetailview.do?carid=42653116
,eqe_suv_350,벤츠 EQE SUV,42653108,238도7172,11650,12132.6,-482.6,3.98,15500,24.8,2024,12,0.45,5500,11000,부산,EQE53 AMG 4MATIC+,,7.55,154500,94.4,기간(8년),True,True,무사고,0,0,0,0,False,,,,,,,,,12119.0,12133.0,483.0,3.98,0.82,587.0,일부 설명됨,저평가 483만원 중 182만원은 위 사유로 설명되고 301만원이 남습니다 — 남은 만큼은 확인할 값어치가 있습니다,,성능기록부가 사진뿐 — 수리 부위·고전원전기장치를 확인할 수 없음=-182,182.0,301.0,,4257,,unverified,,,,EQE53 AMG 4MATIC+,503.0,,unknown,,1025,5,31.1,주의 — 많이 봤는데 안 팔림,"하루 31회 조회(중앙값 14회)로 33일째입니다. 많은 사람이 보고 지나쳤다는 뜻이라, 화면에 안 보이는 이유가 있을 수 있습니다. 실차 확인이 특히 중요합니다.",,,,,2026-09-02T09:22:22,33,,2026-09-02,2026-10-04,11800,11800,-150,,,False,0,False,,15500,일반,True,"기준 시세 (동일 연식 · 평균주행 6,750km)=12,119 ||   ㄴ 위 기준 시세에 반영됨: EQE53 AMG 4MATIC+ 트림의 실측 시장 편차=+503 || 주행거리 적음 -0.1만km=+14 || = 적정가=12,133","고전원전기장치 판정 불가: 충전구 절연 상태(항목 없음), 구동축전지 격리 상태(항목 없음), 고전원전기배선 상태(항목 없음)",56.18,,,,,,,-0.0,,,,,,,,,,사고 상세 없음,False,,2 | 1,0,0,flood_part_count,2026-04-24,최초등록일 2026-04-24,False,False,True,False,True,,,,,,,,0,,,,,,,,,,,,,,False,,,,"충전구 절연 상태(항목 없음), 구동축전지 격리 상태(항목 없음), 고전원전기배선 상태(항목 없음)",0,성능기록부가 사진(이미지)으로만 등록된 매물입니다 — 페이지에서 읽어 낼 수 있는 항목이 없습니다,메르세데스벤츠코리아,1025,5,25.3,18.88,12.0,-0.0,-0.0,25.3,18.88,0.0,-0.0,56.18,483.0,보통,True,"배터리 보증 여유 (7.5년 / 154,500km 남음, 기간(8년) 기준) ; 무사고 (보험이력 확인) ; 1인 소유",신차가 대비 감가 25% 에 그침 ; 주행거리 계기상태 판정 불가 (성능기록부 표기 확인 필요),,,https://ci.encar.com/carpicture05/pic4265/42653108_,http://www.encar.com/dc/dc_cardetailview.do?carid=42653108
,eqe_suv_350,벤츠 EQE SUV,42211335,02우7335,6290,6696.7,-406.7,6.07,12850,51.1,2023,8,3.17,62164,19590,부산,EQE500 4MATIC,,4.83,97836,60.3,기간(8년),True,False,"내차 피해 1건 / 내차 수리비 500만원 초과 (5,064,669원)",1,0,5064669,1,False,,오일누유 / 미세누유 / 누유 / 냉각수누수 / 미세누수 / 누수 / 동력조향 작동 오일 누유 / 브레이크 마스터 실린더오일 누유 / 브레이크 오일 누유,,타이어,"트렁크리드 판금/용접(W) — 외판 1랭크, 구조 영향 없음 (볼트 체결 부품, 법적으로 무사고 표기 가능)",1.5,외판1,W,6828.0,6190.0,-100.0,-1.61,-0.2,487.0,고평가,적정가보다 비쌉니다,  ㄴ 위 기준 시세에 반영됨: EQE500 트림의 실측 시장 편차 · 배터리 파라시스=-477 ; 과주행 +1.5만km=-131 ; 사고이력 내차 1건 / 타차 0건 · 수리비 506만원 · 외판 1랭크=-506,자차보험 미가입 1구간 · 개인 소유 기간 (202308~202607) — 그 기간 사고는 보험기록에 없을 수 있음=-171 ; 재등록 매물 — 한 번 안 팔려 다시 올림=-68,239.0,,,889,W1NGM2CB2PA015480,unverified,,,,EQE500,-477.0,파라시스,high,2024년 인천 청라 지하주차장 화재 차량 탑재 제조사. 국내 시장이 강하게 기피해 시세가 눌려 있다.,2370,8,49.4,주의 — 많이 봤는데 안 팔림,"하루 49회 조회(중앙값 14회)로 48일째입니다. 많은 사람이 보고 지나쳤다는 뜻이라, 화면에 안 보이는 이유가 있을 수 있습니다. 실차 확인이 특히 중요합니다. 조회 2,370회에 찜 8개(비율 0.34%, 중앙값 0.76%) — 보고 나서 관심을 접은 사람이 많다는 신호입니다.",배터리 파라시스 — 2024년 인천 청라 지하주차장 화재 차량 탑재 제조사. 국내 시장이 강하게 기피해 시세가 눌려 있다. 이 효과는 위 기준 시세의 트림 보정에 이미 반영돼 있습니다 (중복 차감하지 않음),,202308~202607,,2026-08-18T21:27:44,48,,2026-08-30,2026-10-04,6450,6300,-160,,202308~202607,True,1,False,,12850,일반,False,"기준 시세 (동일 연식 · 평균주행 47,550km)=6,828 ||   ㄴ 위 기준 시세에 반영됨: EQE500 트림의 실측 시장 편차 · 배터리 파라시스=-477 || 과주행 +1.5만km=-131 || 사고이력 내차 1건 / 타차 0건 · 수리비 506만원 · 외판 1랭크=-506 || = 적정가=6,190",,27.36,,,,,62163,-1,-0.0,False,False,,"비금속(FRP 플라스틱)의 탈부착 가능 부품은 점검사항에서 제외되며 중고차 특성 상 부분적인 판금,도색 및 차량의 노후화에 따른 자연스러운 부식이 있을 수 있습니다. 기능상 영향없는 감각적 손해(소음/진동/냄새/외관/작동감각 등) 보증제외.","외장, 내장, 광택, 룸 클리링, 휠, 타이어, 유리",,,W1NGM2CB2PA015480,"2026-02-02 내차 피해(부분) 보험금 6,071,560원 (부품 2,788,200원, 공임 1,729,760원, 도장 546,709원)",검증됨 (내차 1건 / 타차 0건 일치),False,,3 | 2 | 1 | 1,1,0,flood_part_count,2023년 08월 03일,최초등록일 2023-08-03,False,False,True,True,True,성능기록부,"트렁크리드 판금/용접(W) — 외판 1랭크, 구조 영향 없음 (볼트 체결 부품, 법적으로 무사고 표기 가능)",1.5,외판1,W,,,5,양호,62163,양호,없음,없음,없음,해당없음,,없음,있음,2023년 08월 03일,2025년 09월 06일 ~ 2026년 09월 05일,성능 · 상태점검자,False,,,,,3,script 의 부위별 손상표에서 읽음 (data (script #6)),,2370,8,28.1,12.06,9.0,-0.0,-30.5,28.1,12.06,8.7,-30.5,27.36,-100.0,보통,True,"시세 대비 6.1% 저평가 (예측 6,697만원) ; 배터리 보증 여유 (4.8년 / 97,836km 남음, 기간(8년) 기준) ; 엔카진단 매물 ; 1인 소유","사고이력: 내차 피해 1건 / 내차 수리비 500만원 초과 (5,064,669원) ;   · 2026-02-02 내차 피해(부분) 보험금 6,071,560원 (부품 2,788,200원, 공임 1,729,760원, 도장 546,709원) ; 트렁크리드 판금/용접(W) — 외판 1랭크, 구조 영향 없음 (볼트 체결 부품, 법적으로 무사고 표기 가능)",,,https://ci.encar.com/carpicture01/pic4221/42211335_,http://www.encar.com/dc/dc_cardetailview.do?carid=42211335
,eqe_suv_350,벤츠 EQE SUV,42286833,02우7562,6650,6774.8,-124.8,1.84,12850,48.2,2023,9,3.09,59890,19409,부산,EQE500 4MATIC,,4.91,100110,61.4,기간(8년),True,True,무사고,0,0,0,1,False,,오일누유 / 미세누유 / 누유 / 냉각수누수 / 미세누수 / 누수 / 동력조향 작동 오일 누유 / 브레이크 마스터 실린더오일 누유 / 브레이크 오일 누유,,타이어,,,,,6897.0,6775.0,125.0,1.84,0.26,487.0,할인 이유 충분,저평가 125만원이 위 사유 241만원으로 설명됩니다 — 진짜 저평가로 보기 어렵습니다,  ㄴ 위 기준 시세에 반영됨: EQE500 트림의 실측 시장 편차 · 배터리 파라시스=-477 ; 과주행 +1.4만km=-122,자차보험 미가입 1구간 · 개인 소유 기간 (202309~202604) — 그 기간 사고는 보험기록에 없을 수 있음=-172 ; 재등록 매물 — 한 번 안 팔려 다시 올림=-69,241.0,-116.0,,913,W1NGM2CB5PA004604,unverified,,,,EQE500,-477.0,파라시스,high,2024년 인천 청라 지하주차장 화재 차량 탑재 제조사. 국내 시장이 강하게 기피해 시세가 눌려 있다.,916,7,27.8,주의 — 많이 봤는데 안 팔림,"하루 28회 조회(중앙값 14회)로 33일째입니다. 많은 사람이 보고 지나쳤다는 뜻이라, 화면에 안 보이는 이유가 있을 수 있습니다. 실차 확인이 특히 중요합니다.",배터리 파라시스 — 2024년 인천 청라 지하주차장 화재 차량 탑재 제조사. 국내 시장이 강하게 기피해 시세가 눌려 있다. 이 효과는 위 기준 시세의 트림 보정에 이미 반영돼 있습니다 (중복 차감하지 않음),,202309~202604,,2026-09-02T11:55:30,33,,2026-08-30,2026-10-04,6790,6690,-140,,202309~202604,True,1,False,,12850,일반,False,"기준 시세 (동일 연식 · 평균주행 46,350km)=6,897 ||   ㄴ 위 기준 시세에 반영됨: EQE500 트림의 실측 시장 편차 · 배터리 파라시스=-477 || 과주행 +1.4만km=-122 || = 적정가=6,775",,59.47,,,,,59888,-2,-0.0,False,False,,"비금속(FRP 플라스틱)의 탈부착 가능 부품은 점검사항에서 제외되며 중고차 특성 상 부분적인 판금,도색 및 차량의 노후화에 따른 자연스러운 부식이 있을 수 있습니다. 기능상 영향없는 감각적 손해(소음/진동/냄새/외관/작동감각 등) 보증제외.","외장, 내장, 광택, 룸 클리링, 휠, 타이어, 유리",,,W1NGM2CB5PA004604,,사고 상세 없음,False,,3 | 2 | 1 | 1,1,0,flood_part_count,2023년 09월 04일,최초등록일 2023-09-04,False,False,True,True,True,,,0.0,,,,,5,양호,59888,양호,없음,없음,없음,해당없음,,없음,없음,2023년 09월 04일,2025년 09월 04일 ~ 2026년 09월 03일,성능 · 상태점검자,True,,,,,3,script 의 부위별 손상표에서 읽음 (init 의 data 가 null (수리 부위 없음)),,916,7,22.46,12.28,17.0,-0.0,-0.0,22.46,12.28,7.73,-0.0,59.47,125.0,보통,True,"배터리 보증 여유 (4.9년 / 100,110km 남음, 기간(8년) 기준) ; 무사고 (보험이력 확인) ; 엔카진단 매물 ; 1인 소유",,,,https://ci.encar.com/carpicture08/pic4228/42286833_,http://www.encar.com/dc/dc_cardetailview.do?carid=42286833
,eqe_suv_350,벤츠 EQE SUV,42254744,45모8202,7680,6880.6,799.4,-11.62,13400,42.7,2023,7,3.19,71516,22421,서울,EQE500 4MATIC 런치에디션,,4.81,88484,55.3,주행(16만km),True,False,"내차 피해 1건 / 내차 수리비 50~200만원 (1,203,640원)",1,0,1203640,6,False,,오일누유 / 미세누유 / 누유 / 냉각수누수 / 미세누수 / 누수 / 동력조향 작동 오일 누유 / 브레이크 마스터 실린더오일 누유 / 브레이크 오일 누유,,타이어,,,,,7103.0,6405.0,-1275.0,-19.9,-2.51,508.0,고평가,적정가보다 비쌉니다,  ㄴ 위 기준 시세에 반영됨: EQE500 트림의 실측 시장 편차 · 배터리 파라시스=-497 ; 과주행 +2.4만km=-222 ; 사고이력 내차 1건 / 타차 0건 · 수리비 120만원=-120 ; 소유자 변경 6회=-355,자차보험 미가입 1구간 · 개인 소유 기간 (202307~202407) — 그 기간 사고는 보험기록에 없을 수 있음=-178 ; 재등록 매물 — 한 번 안 팔려 다시 올림=-71 ; 사고는 있으나 수리 부위를 확인할 수 없음=-142,391.0,,,979,W1NGM2CB8PA004127,unverified,,,,EQE500,-497.0,파라시스,high,2024년 인천 청라 지하주차장 화재 차량 탑재 제조사. 국내 시장이 강하게 기피해 시세가 눌려 있다.,1194,10,29.9,주의 — 많이 봤는데 안 팔림,"하루 30회 조회(중앙값 14회)로 40일째입니다. 많은 사람이 보고 지나쳤다는 뜻이라, 화면에 안 보이는 이유가 있을 수 있습니다. 실차 확인이 특히 중요합니다.",배터리 파라시스 — 2024년 인천 청라 지하주차장 화재 차량 탑재 제조사. 국내 시장이 강하게 기피해 시세가 눌려 있다. 이 효과는 위 기준 시세의 트림 보정에 이미 반영돼 있습니다 (중복 차감하지 않음),,202307~202407,,2026-08-26T08:00:35,40,,2026-08-30,2026-10-04,7680,,0,,202307~202407,True,0,False,,13400,일반,False,"기준 시세 (동일 연식 · 평균주행 47,850km)=7,103 ||   ㄴ 위 기준 시세에 반영됨: EQE500 트림의 실측 시장 편차 · 배터리 파라시스=-497 || 과주행 +2.4만km=-222 || 사고이력 내차 1건 / 타차 0건 · 수리비 120만원=-120 || 소유자 변경 6회=-355 || = 적정가=6,405","사고는 있으나 수리 부위를 모릅니다 (점검자 코멘트에 부위 언급 없음) ; 세부상태 판정 불가: 변속기(txt_state 에 on/active 가 없음 (판정 불가)), 연료누출(txt_state 에 on/active 가 없음 (판정 불가))",16.47,,,,,71509,-7,-0.0,False,False,,,"외장, 내장, 광택, 룸 클리링, 휠, 타이어, 유리",,,W1NGM2CB8PA004127,"2023-12-08 내차 피해(부분) 보험금 2,107,000원 (부품 309,130원, 공임 452,400원, 도장 442,110원)",검증됨 (내차 1건 / 타차 0건 일치),False,,2 | 2 | 2 | 1 | 1 | 1,2,0,flood_part_count,2023년 07월 28일,최초등록일 2023-07-28,False,False,False,True,True,,,0.0,,,,,5,양호,71509,양호,없음,없음,없음,해당없음,,없음,없음,2023년 07월 28일,2024년 06월 26일 ~ 2026년 06월 25일,성능 · 상태점검자,True,,"변속기(txt_state 에 on/active 가 없음 (판정 불가)), 연료누출(txt_state 에 on/active 가 없음 (판정 불가))",,,3,script 의 부위별 손상표에서 읽음 (init 의 data 가 null (수리 부위 없음)),,1194,10,4.51,11.06,5.0,-0.0,-10.0,4.51,11.06,5.9,-10.0,16.47,-1275.0,보통,True,"배터리 보증 여유 (4.8년 / 88,484km 남음, 주행(16만km) 기준) ; 엔카진단 매물","시세 대비 11.6% 비쌈 (예측 6,881만원) ; 사고이력: 내차 피해 1건 / 내차 수리비 50~200만원 (1,203,640원) ;   · 2023-12-08 내차 피해(부분) 보험금 2,107,000원 (부품 309,130원, 공임 452,400원, 도장 442,110원)",,,https://ci.encar.com/carpicture05/pic4225/42254744_,http://www.encar.com/dc/dc_cardetailview.do?carid=42254744
,eqe_suv_350,벤츠 EQE SUV,42824145,68어5649,7700,7759.2,-59.2,0.76,10600,27.4,2026,4,0.49,5147,10294,서울,EQE350+,,7.51,154853,93.9,기간(8년),True,True,무사고,0,0,0,0,False,,오일누유 / 미세누유 / 누유 / 냉각수누수 / 미세누수 / 누수 / 동력조향 작동 오일 누유 / 브레이크 마스터 실린더오일 누유 / 브레이크 오일 누유,,타이어,,,,,7743.0,7759.0,59.0,0.76,0.15,402.0,설명되지 않는 저평가,59만원이 싼데 그럴 만한 사유를 찾지 못했습니다 — 직접 확인해 볼 매물입니다,  ㄴ 위 기준 시세에 반영됨: EQE350+ 트림의 실측 시장 편차=-173,,0.0,59.0,,1151,W1NGM2BB2TA069857,unverified,,,,EQE350+,-173.0,,unknown,,29,0,7.2,,,,,,,2026-10-01T11:54:31,4,,2026-10-01,2026-10-04,7800,7800,-100,,,False,0,False,,10600,일반,False,"기준 시세 (동일 연식 · 평균주행 7,350km)=7,743 ||   ㄴ 위 기준 시세에 반영됨: EQE350+ 트림의 실측 시장 편차=-173 || 주행거리 적음 -0.2만km=+16 || = 적정가=7,759",,52.6,,,,,5147,0,-0.0,False,False,,(사)한국자동차공정정보협회 / 장안평 성능장 박희재,"외장, 내장, 광택, 룸 클리링, 휠, 타이어, 유리",,,W1NGM2BB2TA069857,,사고 상세 없음,False,,2 | 1,0,0,flood_part_count,2026년 04월 10일,최초등록일 2026-04-10,False,False,True,False,True,,,0.0,,,,,5,양호,5147,양호,없음,없음,없음,해당없음,,없음,없음,2026년 04월 10일,2026년 04월 10일 ~ 2031년 04월 09일,성능 · 상태점검자,True,,,,,3,script 의 부위별 손상표에서 읽음 (init 의 data 가 null (수리 부위 없음)),메르세데스벤츠코리아,29,0,21.02,18.78,12.0,-0.0,-0.0,21.02,18.78,0.8,-0.0,52.6,59.0,보통,True,"배터리 보증 여유 (7.5년 / 154,853km 남음, 기간(8년) 기준) ; 무사고 (보험이력 확인) ; 1인 소유",,,,https://ci.encar.com/carpicture02/pic4282/42824145_,http://www.encar.com/dc/dc_cardetailview.do?carid=42824145
,eqe_suv_350,벤츠 EQE SUV,42819954,68어5418,7700,7756.3,-56.3,0.73,10600,27.4,2026,4,0.49,5535,11070,서울,EQE350+,,7.51,154465,93.9,기간(8년),True,False,"내차 피해 1건 / 내차 수리비 200~500만원 (2,900,000원)",1,0,2900000,0,False,,오일누유 / 미세누유 / 누유 / 냉각수누수 / 미세누수 / 누수 / 동력조향 작동 오일 누유 / 브레이크 마스터 실린더오일 누유 / 브레이크 오일 누유,,타이어,,,,,7743.0,7466.0,-234.0,-3.13,-0.58,402.0,고평가,적정가보다 비쌉니다,  ㄴ 위 기준 시세에 반영됨: EQE350+ 트림의 실측 시장 편차=-173 ; 사고이력 내차 1건 / 타차 0건 · 수리비 290만원=-290,사고는 있으나 수리 부위를 확인할 수 없음=-155,155.0,,,1151,W1NGM2BB9TA070827,unverified,,,,EQE350+,-173.0,,unknown,,43,1,8.6,,,,,,,2026-09-30T17:37:16,5,,2026-10-01,2026-10-04,7800,7800,-100,,,False,0,False,,10600,일반,False,"기준 시세 (동일 연식 · 평균주행 7,350km)=7,743 ||   ㄴ 위 기준 시세에 반영됨: EQE350+ 트림의 실측 시장 편차=-173 || 주행거리 적음 -0.2만km=+13 || 사고이력 내차 1건 / 타차 0건 · 수리비 290만원=-290 || = 적정가=7,466",사고는 있으나 수리 부위를 모릅니다 (점검자 코멘트에 부위 언급 없음),26.55,,,,,5535,0,-0.0,False,False,,(사)한국자동차공정정보협회 / 장안평 성능장 박희재,"외장, 내장, 광택, 룸 클리링, 휠, 타이어, 유리",,,W1NGM2BB9TA070827,"2026-06-25 내차 피해 보험금 2,900,000원",검증됨 (내차 1건 / 타차 0건 일치),False,,2 | 1,0,0,flood_part_count,2026년 04월 10일,최초등록일 2026-04-10,False,False,True,False,True,,,0.0,,,,,5,양호,5535,양호,없음,없음,없음,해당없음,,없음,없음,2026년 04월 10일,2026년 04월 10일 ~ 2031년 04월 09일,성능 · 상태점검자,True,,,,,3,script 의 부위별 손상표에서 읽음 (init 의 data 가 null (수리 부위 없음)),메르세데스벤츠코리아,43,1,20.97,18.78,4.0,-0.0,-18.0,20.97,18.78,0.8,-18.0,26.55,-234.0,보통,True,"배터리 보증 여유 (7.5년 / 154,465km 남음, 기간(8년) 기준) ; 1인 소유","사고이력: 내차 피해 1건 / 내차 수리비 200~500만원 (2,900,000원) ;   · 2026-06-25 내차 피해 보험금 2,900,000원",,,https://ci.encar.com/carpicture01/pic4281/42819954_,http://www.encar.com/dc/dc_cardetailview.do?carid=42819954
,eqe_suv_350,벤츠 EQE SUV,42654635,238도7183,11650,11820.6,-170.6,1.44,15500,24.8,2024,12,0.8,6251,7765,부산,EQE53 AMG 4MATIC+,,7.2,153749,89.9,기간(8년),True,True,무사고,0,0,0,0,False,,,,,,,,,11758.0,11821.0,171.0,1.44,0.29,587.0,할인 이유 충분,저평가 171만원이 위 사유 176만원으로 설명됩니다 — 진짜 저평가로 보기 어렵습니다,,성능기록부가 사진뿐 — 수리 부위·고전원전기장치를 확인할 수 없음=-176,176.0,-5.0,,0,,unverified,,,,EQE53 AMG 4MATIC+,503.0,,unknown,,271,3,8.2,기회 — 노출 부족,하루 8회 조회(중앙값 14회)로 33일째입니다. 사람들이 본 뒤 지나친 게 아니라 아예 못 본 쪽에 가깝습니다.,,,,,2026-09-02T14:54:27,33,,2026-09-02,2026-10-04,11800,11800,-150,,,False,0,False,,15500,일반,True,"기준 시세 (동일 연식 · 평균주행 12,000km)=11,758 ||   ㄴ 위 기준 시세에 반영됨: EQE53 AMG 4MATIC+ 트림의 실측 시장 편차=+503 || 주행거리 적음 -0.6만km=+62 || = 적정가=11,821","고전원전기장치 판정 불가: 충전구 절연 상태(항목 없음), 구동축전지 격리 상태(항목 없음), 고전원전기배선 상태(항목 없음)",51.9,,,,,,,-0.0,,,,,,,,,,사고 상세 없음,False,,2 | 1,0,0,flood_part_count,2025-12-15,최초등록일 2025-12-15,False,False,True,False,True,,,,,,,,0,,,,,,,,,,,,,,False,,,,"충전구 절연 상태(항목 없음), 구동축전지 격리 상태(항목 없음), 고전원전기배선 상태(항목 없음)",0,성능기록부가 사진(이미지)으로만 등록된 매물입니다 — 페이지에서 읽어 낼 수 있는 항목이 없습니다,,271,3,21.92,17.98,12.0,-0.0,-0.0,21.92,17.98,0.0,-0.0,51.9,171.0,보통,True,"배터리 보증 여유 (7.2년 / 153,749km 남음, 기간(8년) 기준) ; 무사고 (보험이력 확인) ; 1인 소유",신차가 대비 감가 25% 에 그침 ; 주행거리 계기상태 판정 불가 (성능기록부 표기 확인 필요),,,https://ci.encar.com/carpicture05/pic4265/42654635_,http://www.encar.com/dc/dc_cardetailview.do?carid=42654635
,eqe_suv_350,벤츠 EQE SUV,42823430,42도4716,8700,9212.9,-512.9,5.57,13620,36.1,2025,10,0.93,19600,21117,전북,EQE500 4MATIC,,7.07,140400,87.8,주행(16만km),True,False,"내차 피해 2건 / 내차 수리비 500만원 초과 (6,077,900원)",2,0,6077900,0,False,,오일누유 / 미세누유 / 누유 / 냉각수누수 / 미세누수 / 누수 / 동력조향 작동 오일 누유 / 브레이크 마스터 실린더오일 누유 / 브레이크 오일 누유,,타이어,,,,,9267.0,8605.0,-95.0,-1.1,-0.18,516.0,고평가,적정가보다 비쌉니다,  ㄴ 위 기준 시세에 반영됨: EQE500 트림의 실측 시장 편차 · 배터리 파라시스=-506 ; 과주행 +0.6만km=-54 ; 사고이력 내차 2건 / 타차 0건 · 수리비 608만원=-608,사고는 있으나 수리 부위를 확인할 수 없음=-185,185.0,,,2723,W1NGM2CB7SA060584,unverified,,,,EQE500,-506.0,파라시스,high,2024년 인천 청라 지하주차장 화재 차량 탑재 제조사. 국내 시장이 강하게 기피해 시세가 눌려 있다.,19,0,4.8,,,배터리 파라시스 — 2024년 인천 청라 지하주차장 화재 차량 탑재 제조사. 국내 시장이 강하게 기피해 시세가 눌려 있다. 이 효과는 위 기준 시세의 트림 보정에 이미 반영돼 있습니다 (중복 차감하지 않음),,,,2026-10-01T10:54:02,4,,2026-10-01,2026-10-04,8700,,0,,,False,0,False,,13620,일반,False,"기준 시세 (동일 연식 · 평균주행 13,950km)=9,267 ||   ㄴ 위 기준 시세에 반영됨: EQE500 트림의 실측 시장 편차 · 배터리 파라시스=-506 || 과주행 +0.6만km=-54 || 사고이력 내차 2건 / 타차 0건 · 수리비 608만원=-608 || = 적정가=8,605",사고는 있으나 수리 부위를 모릅니다 (점검자 코멘트에 부위 언급 없음),19.68,,,,,19280,-320,-0.0,False,False,,,"외장, 내장, 광택, 룸 클리링, 휠, 타이어, 유리",,,W1NGM2CB7SA060584,"2026-07-03 내차 피해 보험금 2,460,000원 (부품 2,885,500원, 공임 80,300원) | 2026-05-21 내차 피해 보험금 2,610,000원 (부품 3,031,800원, 공임 80,300원)",검증됨 (내차 2건 / 타차 0건 일치),False,,2 | 1,0,0,flood_part_count,2025년 10월 31일,최초등록일 2025-10-31,False,False,True,False,True,,,0.0,,,,,5,양호,19280,양호,없음,없음,없음,해당없음,,없음,없음,2025년 10월 31일,2025년 10월 31일 ~ 2030년 10월 30일,성능 · 상태점검자,True,,,,,3,script 의 부위별 손상표에서 읽음 (init 의 data 가 null (수리 부위 없음)),메르세데스 벤츠,19,0,27.42,17.56,4.0,-0.0,-33.0,27.42,17.56,3.7,-33.0,19.68,-95.0,보통,True,"시세 대비 5.6% 저평가 (예측 9,213만원) ; 배터리 보증 여유 (7.1년 / 140,400km 남음, 주행(16만km) 기준) ; 1인 소유","사고이력: 내차 피해 2건 / 내차 수리비 500만원 초과 (6,077,900원) ;   · 2026-07-03 내차 피해 보험금 2,460,000원 (부품 2,885,500원, 공임 80,300원) ;   · 2026-05-21 내차 피해 보험금 2,610,000원 (부품 3,031,800원, 공임 80,300원)",,,https://ci.encar.com/carpicture02/pic4282/42823430_,http://www.encar.com/dc/dc_cardetailview.do?carid=42823430
,eqe_suv_350,벤츠 EQE SUV,42657204,278오2134,8300,8121.9,178.1,-2.19,13300,37.6,2024,12,1.77,46311,26224,경남,EQE500 4MATIC,,6.23,113689,71.1,주행(16만km),True,True,무사고,0,0,0,0,False,,오일누유 / 미세누유 / 누유 / 냉각수누수 / 미세누수 / 누수 / 동력조향 작동 오일 누유 / 브레이크 마스터 실린더오일 누유 / 브레이크 오일 누유,,타이어,,,,,8306.0,8122.0,-178.0,-2.19,-0.35,504.0,고평가,적정가보다 비쌉니다,  ㄴ 위 기준 시세에 반영됨: EQE500 트림의 실측 시장 편차 · 배터리 파라시스=-494 ; 과주행 +2.0만km=-184,자차보험 미가입 1구간 · 개인 소유 기간 (202605~202606) — 그 기간 사고는 보험기록에 없을 수 있음=-208,208.0,,,2668,W1NGM2CB8RA048065,unverified,,,,EQE500,-494.0,파라시스,high,2024년 인천 청라 지하주차장 화재 차량 탑재 제조사. 국내 시장이 강하게 기피해 시세가 눌려 있다.,430,6,13.0,,,배터리 파라시스 — 2024년 인천 청라 지하주차장 화재 차량 탑재 제조사. 국내 시장이 강하게 기피해 시세가 눌려 있다. 이 효과는 위 기준 시세의 트림 보정에 이미 반영돼 있습니다 (중복 차감하지 않음),,202605~202606,,2026-09-02T16:38:20,33,,2026-09-02,2026-10-04,8450,8400,-150,,202605~202606,False,0,False,,13300,일반,False,"기준 시세 (동일 연식 · 평균주행 26,550km)=8,306 ||   ㄴ 위 기준 시세에 반영됨: EQE500 트림의 실측 시장 편차 · 배터리 파라시스=-494 || 과주행 +2.0만km=-184 || = 적정가=8,122",,41.5,,,,,46264,-47,-0.0,False,False,,,"외장, 내장, 광택, 룸 클리링, 휠, 타이어, 유리",,,W1NGM2CB8RA048065,,사고 상세 없음,False,,2 | 1,0,0,flood_part_count,2024년 12월 29일,최초등록일 2024-12-29,False,False,True,False,True,,,0.0,,,,,5,양호,46264,양호,없음,없음,없음,해당없음,,없음,없음,2024년 12월 29일,2025년 05월 29일 ~ 2030년 05월 28일,성능 · 상태점검자,True,,,,,3,script 의 부위별 손상표에서 읽음 (init 의 data 가 null (수리 부위 없음)),메르세데스벤츠코리아,430,6,17.08,14.22,12.0,-6.0,-6.0,17.08,14.22,4.2,-0.0,41.5,-178.0,보통,True,"배터리 보증 여유 (6.2년 / 113,689km 남음, 주행(16만km) 기준) ; 무사고 (보험이력 확인) ; 1인 소유","과주행 (연 26,224km)",,,https://ci.encar.com/carpicture05/pic4265/42657204_,http://www.encar.com/dc/dc_cardetailview.do?carid=42657204
,eqe_suv_350,벤츠 EQE SUV,42209517,278오2138,8850,9143.7,-293.7,3.21,13620,35.0,2025,8,1.16,8459,7304,경남,EQE500 4MATIC,,6.84,151541,85.5,기간(8년),True,False,"내차 피해 1건 / 내차 수리비 50~200만원 (1,506,110원)",1,0,1506110,0,False,,오일누유 / 미세누유 / 누유 / 냉각수누수 / 미세누수 / 누수 / 동력조향 작동 오일 누유 / 브레이크 마스터 실린더오일 누유 / 브레이크 오일 누유,,타이어,,,,,9058.0,8993.0,143.0,1.59,0.28,516.0,할인 이유 충분,저평가 143만원이 위 사유 317만원으로 설명됩니다 — 진짜 저평가로 보기 어렵습니다,  ㄴ 위 기준 시세에 반영됨: EQE500 트림의 실측 시장 편차 · 배터리 파라시스=-506 ; 사고이력 내차 1건 / 타차 0건 · 수리비 151만원=-151,3개월 이상 미판매 (109일째) — 협상 여지이자 남들이 지나쳤다는 신호=-136 ; 사고는 있으나 수리 부위를 확인할 수 없음=-181,317.0,-174.0,,2569,W1NGM2CB3SA060212,unverified,,,,EQE500,-506.0,파라시스,high,2024년 인천 청라 지하주차장 화재 차량 탑재 제조사. 국내 시장이 강하게 기피해 시세가 눌려 있다.,2111,30,19.4,,,배터리 파라시스 — 2024년 인천 청라 지하주차장 화재 차량 탑재 제조사. 국내 시장이 강하게 기피해 시세가 눌려 있다. 이 효과는 위 기준 시세의 트림 보정에 이미 반영돼 있습니다 (중복 차감하지 않음),,,,2026-06-18T11:16:53,109,,2026-08-30,2026-10-04,9300,8900,-450,,,False,0,False,,13620,일반,False,"기준 시세 (동일 연식 · 평균주행 17,400km)=9,058 ||   ㄴ 위 기준 시세에 반영됨: EQE500 트림의 실측 시장 편차 · 배터리 파라시스=-506 || 주행거리 적음 -0.9만km=+85 || 사고이력 내차 1건 / 타차 0건 · 수리비 151만원=-151 || = 적정가=8,993",사고는 있으나 수리 부위를 모릅니다 (점검자 코멘트에 부위 언급 없음),38.72,,,,,7642,-817,-0.0,False,False,,,"외장, 내장, 광택, 룸 클리링, 휠, 타이어, 유리",,,W1NGM2CB3SA060212,"2026-01-27 내차 피해(부분) 보험금 2,401,313원 (부품 749,522원, 공임 427,500원, 도장 329,088원)",검증됨 (내차 1건 / 타차 0건 일치),False,,2 | 1,0,0,flood_part_count,2025년 08월 08일,최초등록일 2025-08-08,False,False,True,False,True,,,0.0,,,,,5,양호,7642,양호,없음,없음,없음,해당없음,,없음,없음,2025년 08월 08일,2025년 08월 08일 ~ 2030년 08월 07일,성능 · 상태점검자,True,,,,,3,script 의 부위별 손상표에서 읽음 (init 의 data 가 null (수리 부위 없음)),,2111,30,24.28,17.1,4.0,-0.0,-10.0,24.28,17.1,3.33,-10.0,38.72,143.0,보통,True,"배터리 보증 여유 (6.8년 / 151,541km 남음, 기간(8년) 기준) ; 1인 소유","사고이력: 내차 피해 1건 / 내차 수리비 50~200만원 (1,506,110원) ;   · 2026-01-27 내차 피해(부분) 보험금 2,401,313원 (부품 749,522원, 공임 427,500원, 도장 329,088원)",,,https://ci.encar.com/carpicture10/pic4220/42209517_,http://www.encar.com/dc/dc_cardetailview.do?carid=42209517
,eqe_suv_350,벤츠 EQE SUV,42811385,391저7408,7800,7814.9,-14.9,0.19,10600,26.4,2026,4,0.44,1640,3280,경남,EQE350+,,7.56,158360,94.6,기간(8년),True,True,무사고,0,0,0,0,False,,오일누유 / 미세누유 / 누유 / 냉각수누수 / 미세누수 / 누수 / 동력조향 작동 오일 누유 / 브레이크 마스터 실린더오일 누유 / 브레이크 오일 누유,,타이어,,,,,7778.0,7815.0,15.0,0.19,0.04,402.0,설명되지 않는 저평가,15만원이 싼데 그럴 만한 사유를 찾지 못했습니다 — 직접 확인해 볼 매물입니다,  ㄴ 위 기준 시세에 반영됨: EQE350+ 트림의 실측 시장 편차=-173,,0.0,15.0,,2659,W1NGM2BB6TA071773,unverified,,,,EQE350+,-173.0,,unknown,,15,1,3.0,,,,,,,2026-09-30T14:48:06,5,,2026-10-01,2026-10-04,7800,,0,,,False,0,False,,10600,일반,False,"기준 시세 (동일 연식 · 평균주행 6,600km)=7,778 ||   ㄴ 위 기준 시세에 반영됨: EQE350+ 트림의 실측 시장 편차=-173 || 주행거리 적음 -0.5만km=+37 || = 적정가=7,815",,51.64,,,,,1626,-14,-0.0,False,False,,,"외장, 내장, 광택, 룸 클리링, 휠, 타이어, 유리",,,W1NGM2BB6TA071773,,사고 상세 없음,False,,2 | 1,0,0,flood_part_count,2026년 04월 29일,최초등록일 2026-04-29,False,False,True,False,True,,,0.0,,,,,5,양호,1626,양호,없음,없음,없음,해당없음,,없음,없음,2026년 04월 29일,2026년 04월 29일 ~ 2031년 04월 28일,성능 · 상태점검자,True,,,,,3,script 의 부위별 손상표에서 읽음 (init 의 data 가 null (수리 부위 없음)),,15,1,20.25,18.92,12.0,-0.0,-0.0,20.25,18.92,0.47,-0.0,51.64,15.0,보통,True,"배터리 보증 여유 (7.6년 / 158,360km 남음, 기간(8년) 기준) ; 무사고 (보험이력 확인) ; 1인 소유",,,,https://ci.encar.com/carpicture01/pic4281/42811385_,http://www.encar.com/dc/dc_cardetailview.do?carid=42811385
,eqe_suv_350,벤츠 EQE SUV,42651959,27머9595,7100,7060.1,39.9,-0.56,12850,44.7,2023,12,2.8,51375,18342,경기,EQE500 4MATIC,,5.2,108625,65.0,기간(8년),True,True,무사고,0,0,0,0,False,,오일누유 / 미세누유 / 누유 / 냉각수누수 / 미세누수 / 누수 / 동력조향 작동 오일 누유 / 브레이크 마스터 실린더오일 누유 / 브레이크 오일 누유,,타이어,,,,,7144.0,7060.0,-40.0,-0.56,-0.08,487.0,고평가,적정가보다 비쌉니다,  ㄴ 위 기준 시세에 반영됨: EQE500 트림의 실측 시장 편차 · 배터리 파라시스=-477 ; 과주행 +0.9만km=-84,,0.0,,,530,W1NGM2CB3PA018520,unverified,,,,EQE500,-477.0,파라시스,high,2024년 인천 청라 지하주차장 화재 차량 탑재 제조사. 국내 시장이 강하게 기피해 시세가 눌려 있다.,1351,4,40.9,주의 — 많이 봤는데 안 팔림,"하루 41회 조회(중앙값 14회)로 33일째입니다. 많은 사람이 보고 지나쳤다는 뜻이라, 화면에 안 보이는 이유가 있을 수 있습니다. 실차 확인이 특히 중요합니다. 조회 1,351회에 찜 4개(비율 0.30%, 중앙값 0.76%) — 보고 나서 관심을 접은 사람이 많다는 신호입니다.",배터리 파라시스 — 2024년 인천 청라 지하주차장 화재 차량 탑재 제조사. 국내 시장이 강하게 기피해 시세가 눌려 있다. 이 효과는 위 기준 시세의 트림 보정에 이미 반영돼 있습니다 (중복 차감하지 않음),,,,2026-09-02T17:41:03,33,,2026-09-02,2026-10-04,7100,,0,,,False,0,False,,12850,일반,False,"기준 시세 (동일 연식 · 평균주행 42,000km)=7,144 ||   ㄴ 위 기준 시세에 반영됨: EQE500 트림의 실측 시장 편차 · 배터리 파라시스=-477 || 과주행 +0.9만km=-84 || = 적정가=7,060","세부상태 판정 불가: 변속기(txt_state 에 on/active 가 없음 (판정 불가)), 연료누출(txt_state 에 on/active 가 없음 (판정 불가))",55.81,,,,,51367,-8,-0.0,False,False,,"비금속재질(FRP)/크로스멤버(볼트체결식) 보증제외. 도장흔적은 판금,용접으로 표기치 않음. 정비이력 있음. ","외장, 내장, 광택, 룸 클리링, 휠, 타이어, 유리",,,W1NGM2CB3PA018520,,사고 상세 없음,False,,2 | 1,0,0,flood_part_count,2023년 12월 17일,최초등록일 2023-12-17,False,False,True,True,True,,,0.0,,,,,5,양호,51367,양호,없음,없음,없음,해당없음,,없음,없음,2023년 12월 17일,2024년 04월 17일 ~ 2028년 04월 16일,성능 · 상태점검자,True,,"변속기(txt_state 에 on/active 가 없음 (판정 불가)), 연료누출(txt_state 에 on/active 가 없음 (판정 불가))",,,3,script 의 부위별 손상표에서 읽음 (init 의 data 가 null (수리 부위 없음)),,1351,4,19.25,13.0,17.0,-0.0,-0.0,19.25,13.0,6.57,-0.0,55.81,-40.0,보통,True,"배터리 보증 여유 (5.2년 / 108,625km 남음, 기간(8년) 기준) ; 무사고 (보험이력 확인) ; 엔카진단 매물 ; 1인 소유",,,,https://ci.encar.com/carpicture05/pic4265/42651959_,http://www.encar.com/dc/dc_cardetailview.do?carid=42651959
,eqe_suv_350,벤츠 EQE SUV,42174989,42너1822,7650,7631.1,18.9,-0.25,12850,40.5,2023,12,2.52,10318,4096,전남광주,EQE500 4MATIC,,5.48,149682,68.5,기간(8년),True,True,무사고,0,0,0,1,False,,,,,,0.0,,,7384.0,7631.0,-19.0,-0.25,-0.04,487.0,고평가,적정가보다 비쌉니다,  ㄴ 위 기준 시세에 반영됨: EQE500 트림의 실측 시장 편차 · 배터리 파라시스=-477,성능기록부가 사진뿐 — 수리 부위·고전원전기장치를 확인할 수 없음=-111 ; 재등록 매물 — 한 번 안 팔려 다시 올림=-74,185.0,,에어서스펜션,843,,unverified,,,,EQE500,-477.0,파라시스,high,2024년 인천 청라 지하주차장 화재 차량 탑재 제조사. 국내 시장이 강하게 기피해 시세가 눌려 있다.,2213,13,41.8,주의 — 많이 봤는데 안 팔림,"하루 42회 조회(중앙값 14회)로 53일째입니다. 많은 사람이 보고 지나쳤다는 뜻이라, 화면에 안 보이는 이유가 있을 수 있습니다. 실차 확인이 특히 중요합니다.",배터리 파라시스 — 2024년 인천 청라 지하주차장 화재 차량 탑재 제조사. 국내 시장이 강하게 기피해 시세가 눌려 있다. 이 효과는 위 기준 시세의 트림 보정에 이미 반영돼 있습니다 (중복 차감하지 않음),,,,2026-08-13T05:21:05,53,,2026-08-30,2026-10-04,7650,,0,,,True,0,False,,12850,일반,True,"기준 시세 (동일 연식 · 평균주행 37,800km)=7,384 ||   ㄴ 위 기준 시세에 반영됨: EQE500 트림의 실측 시장 편차 · 배터리 파라시스=-477 || 주행거리 적음 -2.7만km=+247 || = 적정가=7,631","고전원전기장치 판정 불가: 충전구 절연 상태(항목 없음), 구동축전지 격리 상태(항목 없음), 고전원전기배선 상태(항목 없음)",55.54,,False,,,,,-0.0,,,,,,,,,,사고 상세 없음,False,,2 | 1,0,0,flood_part_count,2024-03-29,최초등록일 2024-03-29,False,False,True,True,True,,,,,,,,0,,,,,,,,,없음,없음,,,,False,,,,"충전구 절연 상태(항목 없음), 구동축전지 격리 상태(항목 없음), 고전원전기배선 상태(항목 없음)",0,성능기록부가 사진(이미지)으로만 등록된 매물입니다 — 페이지에서 읽어 낼 수 있는 항목이 없습니다,벤츠서비스 센터,2213,13,19.67,13.7,17.0,-0.0,-0.0,19.67,13.7,5.17,-0.0,55.54,-19.0,보통,True,"배터리 보증 여유 (5.5년 / 149,682km 남음, 기간(8년) 기준) ; 성능점검상 수리 부위 없음 ; 무사고 (보험이력 확인) ; 엔카진단 매물 ; 1인 소유",주행거리 계기상태 판정 불가 (성능기록부 표기 확인 필요),,,https://ci.encar.com/carpicture07/pic4217/42174989_,http://www.encar.com/dc/dc_cardetailview.do?carid=42174989
,eqe_suv_350,벤츠 EQE SUV,42732455,46두0305,5850,6509.0,-659.0,10.12,13400,56.3,2023,7,3.2,110321,34498,전남광주,EQE500 4MATIC 런치에디션,,4.8,49679,31.0,주행(16만km),True,False,"내차 피해 3건 / 내차 수리비 500만원 초과 (14,933,670원)",3,0,14933670,1,False,,,,,,0.0,,,7094.0,4871.0,-979.0,-20.09,-1.93,508.0,고평가,적정가보다 비쌉니다,"  ㄴ 위 기준 시세에 반영됨: EQE500 트림의 실측 시장 편차 · 배터리 파라시스=-497 ; 과주행 +6.2만km=-585 ; 사고이력 내차 3건 / 타차 0건 · 수리비 1,493만원=-1,493 ; 배터리 보증 잔여 부족 (31% · 기준 50% · 남은 4.8년 / 49,679km · 주행(16만km) 기준)=-144",성능기록부가 사진뿐 — 수리 부위·고전원전기장치를 확인할 수 없음=-106 ; 사고는 있으나 수리 부위를 확인할 수 없음=-142,248.0,,,785,,unverified,,,,EQE500,-497.0,파라시스,high,2024년 인천 청라 지하주차장 화재 차량 탑재 제조사. 국내 시장이 강하게 기피해 시세가 눌려 있다.,178,3,8.9,,,배터리 파라시스 — 2024년 인천 청라 지하주차장 화재 차량 탑재 제조사. 국내 시장이 강하게 기피해 시세가 눌려 있다. 이 효과는 위 기준 시세의 트림 보정에 이미 반영돼 있습니다 (중복 차감하지 않음),,,,2026-09-15T14:35:13,20,,2026-09-18,2026-10-04,5850,,0,,,False,1,False,,13400,일반,True,"기준 시세 (동일 연식 · 평균주행 48,000km)=7,094 ||   ㄴ 위 기준 시세에 반영됨: EQE500 트림의 실측 시장 편차 · 배터리 파라시스=-497 || 과주행 +6.2만km=-585 || 사고이력 내차 3건 / 타차 0건 · 수리비 1,493만원=-1,493 || 배터리 보증 잔여 부족 (31% · 기준 50% · 남은 4.8년 / 49,679km · 주행(16만km) 기준)=-144 || = 적정가=4,871","사고는 있으나 수리 부위를 모릅니다 (점검자 코멘트에 부위 언급 없음) ; 고전원전기장치 판정 불가: 충전구 절연 상태(항목 없음), 구동축전지 격리 상태(항목 없음), 고전원전기배선 상태(항목 없음)",9.7,,False,,,,,-0.0,,,,,,,,,"2024-08-14 내차 피해(부분) 보험금 15,275,000원 (부품 9,060,960원, 공임 728,280원, 도장 829,000원) | 2024-08-01 내차 피해 보험금 1,744,000원 (부품 1,749,680원, 공임 431,000원) | 2024-05-03 내차 피해 보험금 1,707,350원 (부품 1,703,750원, 공임 431,000원)",검증됨 (내차 3건 / 타차 0건 일치),False,,3 | 2 | 1 | 1,1,0,flood_part_count,2023-07-25,최초등록일 2023-07-25,False,False,True,True,True,,,,,,,,0,,,,,,,,,없음,없음,,,,False,,,,"충전구 절연 상태(항목 없음), 구동축전지 격리 상태(항목 없음), 고전원전기배선 상태(항목 없음)",0,성능기록부가 사진(이미지)으로만 등록된 매물입니다 — 페이지에서 읽어 낼 수 있는 항목이 없습니다,벤츠서비스센터,178,3,33.5,6.2,9.0,-12.0,-49.0,33.5,6.2,10.0,-37.0,9.7,-979.0,보통,True,"시세 대비 10.1% 저평가 (예측 6,509만원) ; 신차가 대비 56% 감가 (진입가 낮음) ; 성능점검상 수리 부위 없음 ; 엔카진단 매물 ; 1인 소유","과주행 심함 (연 34,498km) ; 사고이력: 내차 피해 3건 / 내차 수리비 500만원 초과 (14,933,670원) ;   · 2024-08-14 내차 피해(부분) 보험금 15,275,000원 (부품 9,060,960원, 공임 728,280원, 도장 829,000원) ;   · 2024-08-01 내차 피해 보험금 1,744,000원 (부품 1,749,680원, 공임 431,000원) ;   · 2024-05-03 내차 피해 보험금 1,707,350원 (부품 1,703,750원, 공임 431,000원) ; 주행거리 계기상태 판정 불가 (성능기록부 표기 확인 필요)",,,https://ci.encar.com/carpicture03/pic4273/42732455_,http://www.encar.com/dc/dc_cardetailview.do?carid=42732455
,eqe_suv_350,벤츠 EQE SUV,42654658,238도7180,12500,12022.5,477.5,-3.97,15360,18.6,2025,12,0.45,5549,11098,부산,EQE53 AMG 4MATIC+,,7.55,154451,94.4,기간(8년),True,True,무사고,0,0,0,0,False,,,,,,,,,12010.0,12023.0,-477.0,-3.97,-0.82,582.0,고평가,적정가보다 비쌉니다,,성능기록부가 사진뿐 — 수리 부위·고전원전기장치를 확인할 수 없음=-180,180.0,,,0,,unverified,,,,EQE53 AMG 4MATIC+,498.0,,unknown,,390,4,11.8,,,,,,,2026-09-02T14:32:24,33,,2026-09-02,2026-10-04,12500,,0,,,False,0,False,,15360,일반,True,"기준 시세 (동일 연식 · 평균주행 6,750km)=12,010 ||   ㄴ 위 기준 시세에 반영됨: EQE53 AMG 4MATIC+ 트림의 실측 시장 편차=+498 || 주행거리 적음 -0.1만km=+13 || = 적정가=12,023","고전원전기장치 판정 불가: 충전구 절연 상태(항목 없음), 구동축전지 격리 상태(항목 없음), 고전원전기배선 상태(항목 없음)",45.58,,,,,,,-0.0,,,,,,,,,,사고 상세 없음,False,,2 | 1,0,0,flood_part_count,2026-04-24,최초등록일 2026-04-24,False,False,True,False,True,,,,,,,,0,,,,,,,,,,,,,,False,,,,"충전구 절연 상태(항목 없음), 구동축전지 격리 상태(항목 없음), 고전원전기배선 상태(항목 없음)",0,성능기록부가 사진(이미지)으로만 등록된 매물입니다 — 페이지에서 읽어 낼 수 있는 항목이 없습니다,,390,4,14.7,18.88,12.0,-0.0,-0.0,14.7,18.88,0.0,-0.0,45.58,-477.0,보통,True,"배터리 보증 여유 (7.5년 / 154,451km 남음, 기간(8년) 기준) ; 무사고 (보험이력 확인) ; 1인 소유",신차가 대비 감가 19% 에 그침 ; 주행거리 계기상태 판정 불가 (성능기록부 표기 확인 필요),,,https://ci.encar.com/carpicture05/pic4265/42654658_,http://www.encar.com/dc/dc_cardetailview.do?carid=42654658
,eqe_suv_350,벤츠 EQE SUV,42787904,19러1442,7850,7789.2,60.8,-0.78,10600,25.9,2026,4,0.48,1899,3798,경기,EQE350+,,7.52,158101,94.0,기간(8년),True,True,무사고,0,0,0,0,False,,오일누유 / 미세누유 / 누유 / 냉각수누수 / 미세누수 / 누수 / 동력조향 작동 오일 누유 / 브레이크 마스터 실린더오일 누유 / 브레이크 오일 누유,"비금속(FRP 플라스틱)의 탈부착 가능 부품은 점검사항에서 제외되며 중고차 특성 상 부분적인 판금,도색 및 차량의 노후화에 따른 자연스러운 부식이 있을 수 있습니다.",타이어,,,,,7750.0,7789.0,-61.0,-0.78,-0.15,402.0,고평가,적정가보다 비쌉니다,  ㄴ 위 기준 시세에 반영됨: EQE350+ 트림의 실측 시장 편차=-173,자차보험 미가입 1구간 · 개인 소유 기간 (202604~202607) — 그 기간 사고는 보험기록에 없을 수 있음=-194,194.0,,,1671,W1NGM2BB4TA072002,unverified,,,,EQE350+,-173.0,,unknown,,4,1,0.6,,,,,202604~202607,,2026-09-28T17:09:54,7,,2026-09-28,2026-10-04,7850,,0,,202604~202607,False,0,False,,10600,일반,False,"기준 시세 (동일 연식 · 평균주행 7,200km)=7,750 ||   ㄴ 위 기준 시세에 반영됨: EQE350+ 트림의 실측 시장 편차=-173 || 주행거리 적음 -0.5만km=+39 || = 적정가=7,789","세부상태 판정 불가: 누유(txt_state 에 on/active 가 없음 (판정 불가)), 냉각수누수(txt_state 에 on/active 가 없음 (판정 불가)), 제동(txt_state 에 on/active 가 없음 (판정 불가)",50.06,,,,,1899,0,-0.0,False,False,,"비금속(FRP 플라스틱)의 탈부착 가능 부품은 점검사항에서 제외되며 중고차 특성 상 부분적인 판금,도색 및 차량의 노후화에 따른 자연스러운 부식이 있을 수 있습니다.","외장, 내장, 광택, 룸 클리링, 휠, 타이어, 유리",,,W1NGM2BB4TA072002,,사고 상세 없음,False,,2 | 1,0,0,flood_part_count,2026년 04월 13일,최초등록일 2026-04-13,False,False,True,False,True,,,0.0,,,,,5,양호,1899,양호,없음,없음,없음,해당없음,,없음,없음,2026년 04월 13일,2026년 04월 13일 ~ 2031년 04월 12일,성능 · 상태점검자,True,,"누유(txt_state 에 on/active 가 없음 (판정 불가)), 냉각수누수(txt_state 에 on/active 가 없음 (판정 불가)), 제동(txt_state 에 on/active 가 없음 (판정 불가)), 연료누출(txt_state 에 on/active 가 없음 (판정 불가))",,,3,script 의 부위별 손상표에서 읽음 (init 의 data 가 null (수리 부위 없음)),메르세데스벤츠,4,1,18.96,18.8,12.0,-0.0,-0.0,18.96,18.8,0.3,-0.0,50.06,-61.0,보통,True,"배터리 보증 여유 (7.5년 / 158,101km 남음, 기간(8년) 기준) ; 무사고 (보험이력 확인) ; 1인 소유",,,,https://ci.encar.com/carpicture08/pic4278/42787904_,http://www.encar.com/dc/dc_cardetailview.do?carid=42787904
,eqe_suv_350,벤츠 EQE SUV,42699331,19러1485,9600,10041.4,-441.4,4.4,14080,31.8,2026,4,0.48,3119,6238,경기,EQE500 4MATIC,,7.52,156881,94.0,기간(8년),True,True,무사고,0,0,0,0,False,,오일누유 / 미세누유 / 누유 / 냉각수누수 / 미세누수 / 누수 / 동력조향 작동 오일 누유 / 브레이크 마스터 실린더오일 누유 / 브레이크 오일 누유,"비금속(FRP 플라스틱)의 탈부착 가능 부품은 점검사항에서 제외되며 중고차 특성 상 부분적인 판금,도색 및 차량의 노후화에 따른 자연스러운 부식이 있을 수 있습니다.",타이어,,,,,10001.0,10041.0,441.0,4.4,0.83,534.0,일부 설명됨,저평가 441만원 중 250만원은 위 사유로 설명되고 191만원이 남습니다 — 남은 만큼은 확인할 값어치가 있습니다,  ㄴ 위 기준 시세에 반영됨: EQE500 트림의 실측 시장 편차 · 배터리 파라시스=-523,자차보험 미가입 1구간 · 개인 소유 기간 (202604~202606) — 그 기간 사고는 보험기록에 없을 수 있음=-250,250.0,191.0,,1671,W1NGM2CB7TA071179,unverified,,,,EQE500,-523.0,파라시스,high,2024년 인천 청라 지하주차장 화재 차량 탑재 제조사. 국내 시장이 강하게 기피해 시세가 눌려 있다.,27,1,1.0,,,배터리 파라시스 — 2024년 인천 청라 지하주차장 화재 차량 탑재 제조사. 국내 시장이 강하게 기피해 시세가 눌려 있다. 이 효과는 위 기준 시세의 트림 보정에 이미 반영돼 있습니다 (중복 차감하지 않음),,202604~202606,,2026-09-09T09:52:37,26,,2026-09-10,2026-10-04,9600,,0,,202604~202606,False,0,False,,14080,일반,False,"기준 시세 (동일 연식 · 평균주행 7,200km)=10,001 ||   ㄴ 위 기준 시세에 반영됨: EQE500 트림의 실측 시장 편차 · 배터리 파라시스=-523 || 주행거리 적음 -0.4만km=+40 || = 적정가=10,041","세부상태 판정 불가: 누유(txt_state 에 on/active 가 없음 (판정 불가)), 제동(txt_state 에 on/active 가 없음 (판정 불가)), 연료누출(txt_state 에 on/active 가 없음 (판정 불가))",58.93,,,,,3119,0,-0.0,False,False,,"비금속(FRP 플라스틱)의 탈부착 가능 부품은 점검사항에서 제외되며 중고차 특성 상 부분적인 판금,도색 및 차량의 노후화에 따른 자연스러운 부식이 있을 수 있습니다.","외장, 내장, 광택, 룸 클리링, 휠, 타이어, 유리",,,W1NGM2CB7TA071179,,사고 상세 없음,False,,2 | 1,0,0,flood_part_count,2026년 04월 13일,최초등록일 2026-04-13,False,False,True,False,True,,,0.0,,,,,5,양호,3119,양호,없음,없음,없음,해당없음,,없음,없음,2026년 04월 13일,2026년 04월 13일 ~ 2031년 04월 12일,성능 · 상태점검자,True,,"누유(txt_state 에 on/active 가 없음 (판정 불가)), 제동(txt_state 에 on/active 가 없음 (판정 불가)), 연료누출(txt_state 에 on/active 가 없음 (판정 불가))",,,3,script 의 부위별 손상표에서 읽음 (init 의 data 가 null (수리 부위 없음)),메르세데스벤츠,27,1,25.86,18.8,12.0,-0.0,-0.0,25.86,18.8,2.27,-0.0,58.93,441.0,보통,True,"배터리 보증 여유 (7.5년 / 156,881km 남음, 기간(8년) 기준) ; 무사고 (보험이력 확인) ; 1인 소유",,,,https://ci.encar.com/carpicture09/pic4269/42699331_,http://www.encar.com/dc/dc_cardetailview.do?carid=42699331
,eqe_suv_350,벤츠 EQE SUV,42663876,296다8856,7800,7815.1,-15.1,0.19,10600,26.4,2026,4,0.43,2409,4818,경기,EQE350+,,7.57,157591,94.6,기간(8년),True,True,무사고,0,0,0,0,False,,,,,,0.0,,,7785.0,7815.0,15.0,0.19,0.04,402.0,할인 이유 충분,저평가 15만원이 위 사유 117만원으로 설명됩니다 — 진짜 저평가로 보기 어렵습니다,  ㄴ 위 기준 시세에 반영됨: EQE350+ 트림의 실측 시장 편차=-173,성능기록부가 사진뿐 — 수리 부위·고전원전기장치를 확인할 수 없음=-117,117.0,-102.0,,1489,,unverified,,,,EQE350+,-173.0,,unknown,,737,9,23.0,주의 — 많이 봤는데 안 팔림,"하루 23회 조회(중앙값 14회)로 32일째입니다. 많은 사람이 보고 지나쳤다는 뜻이라, 화면에 안 보이는 이유가 있을 수 있습니다. 실차 확인이 특히 중요합니다.",,,,,2026-09-03T11:53:29,32,,2026-09-04,2026-10-04,7950,7950,-150,,,False,0,False,,10600,일반,True,"기준 시세 (동일 연식 · 평균주행 6,450km)=7,785 ||   ㄴ 위 기준 시세에 반영됨: EQE350+ 트림의 실측 시장 편차=-173 || 주행거리 적음 -0.4만km=+30 || = 적정가=7,815","고전원전기장치 판정 불가: 충전구 절연 상태(항목 없음), 구동축전지 격리 상태(항목 없음), 고전원전기배선 상태(항목 없음)",51.64,,False,,,,,-0.0,,,,,,,,,,사고 상세 없음,False,,2 | 1,0,0,flood_part_count,2026-04-30,최초등록일 2026-04-30,False,False,True,False,True,,,,,,,,0,,,,,,,,,없음,없음,,,,False,,,,"충전구 절연 상태(항목 없음), 구동축전지 격리 상태(항목 없음), 고전원전기배선 상태(항목 없음)",0,성능기록부가 사진(이미지)으로만 등록된 매물입니다 — 페이지에서 읽어 낼 수 있는 항목이 없습니다,정식서비스센터,737,9,20.26,18.92,12.0,-0.0,-0.0,20.26,18.92,0.47,-0.0,51.64,15.0,보통,True,"배터리 보증 여유 (7.6년 / 157,591km 남음, 기간(8년) 기준) ; 성능점검상 수리 부위 없음 ; 무사고 (보험이력 확인) ; 1인 소유",주행거리 계기상태 판정 불가 (성능기록부 표기 확인 필요),,,https://ci.encar.com/carpicture06/pic4266/42663876_,http://www.encar.com/dc/dc_cardetailview.do?carid=42663876
,eqe_suv_350,벤츠 EQE SUV,42762089,296다8851,7800,7824.7,-24.7,0.32,10600,26.4,2026,4,0.43,1123,2246,경기,EQE350+,,7.57,158877,94.6,기간(8년),True,True,무사고,0,0,0,0,False,,,,,,0.0,,,7785.0,7825.0,25.0,0.32,0.06,402.0,할인 이유 충분,저평가 25만원이 위 사유 117만원으로 설명됩니다 — 진짜 저평가로 보기 어렵습니다,  ㄴ 위 기준 시세에 반영됨: EQE350+ 트림의 실측 시장 편차=-173,성능기록부가 사진뿐 — 수리 부위·고전원전기장치를 확인할 수 없음=-117,117.0,-92.0,,1489,,unverified,,,,EQE350+,-173.0,,unknown,,99,2,5.8,,,,,,,2026-09-18T13:50:47,17,,2026-09-18,2026-10-04,7950,7950,-150,,,False,0,False,,10600,일반,True,"기준 시세 (동일 연식 · 평균주행 6,450km)=7,785 ||   ㄴ 위 기준 시세에 반영됨: EQE350+ 트림의 실측 시장 편차=-173 || 주행거리 적음 -0.5만km=+40 || = 적정가=7,825","고전원전기장치 판정 불가: 충전구 절연 상태(항목 없음), 구동축전지 격리 상태(항목 없음), 고전원전기배선 상태(항목 없음)",51.81,,False,,,,,-0.0,,,,,,,,,,사고 상세 없음,False,,2 | 1,0,0,flood_part_count,2026-04-30,최초등록일 2026-04-30,False,False,True,False,True,,,,,,,,0,,,,,,,,,없음,없음,,,,False,,,,"충전구 절연 상태(항목 없음), 구동축전지 격리 상태(항목 없음), 고전원전기배선 상태(항목 없음)",0,성능기록부가 사진(이미지)으로만 등록된 매물입니다 — 페이지에서 읽어 낼 수 있는 항목이 없습니다,정식서비스센터,99,2,20.42,18.92,12.0,-0.0,-0.0,20.42,18.92,0.47,-0.0,51.81,25.0,보통,True,"배터리 보증 여유 (7.6년 / 158,877km 남음, 기간(8년) 기준) ; 성능점검상 수리 부위 없음 ; 무사고 (보험이력 확인) ; 1인 소유",주행거리 계기상태 판정 불가 (성능기록부 표기 확인 필요),,,https://ci.encar.com/carpicture06/pic4276/42762089_,http://www.encar.com/dc/dc_cardetailview.do?carid=42762089
,eqe_suv_350,벤츠 EQE SUV,42822886,238도7182,11650,11791.0,-141.0,1.2,15500,24.8,2024,12,0.8,8976,11151,경기,EQE53 AMG 4MATIC+,,7.2,151024,89.9,기간(8년),True,True,무사고,0,0,0,0,False,,,,,,0.0,,,11758.0,11791.0,141.0,1.2,0.24,587.0,할인 이유 충분,저평가 141만원이 위 사유 176만원으로 설명됩니다 — 진짜 저평가로 보기 어렵습니다,,성능기록부가 사진뿐 — 수리 부위·고전원전기장치를 확인할 수 없음=-176,176.0,-35.0,,1466,,unverified,,,,EQE53 AMG 4MATIC+,503.0,,unknown,,3,2,0.8,,,,,,,2026-10-01T10:49:12,4,,2026-10-01,2026-10-04,11650,,0,,,False,0,False,,15500,일반,True,"기준 시세 (동일 연식 · 평균주행 12,000km)=11,758 ||   ㄴ 위 기준 시세에 반영됨: EQE53 AMG 4MATIC+ 트림의 실측 시장 편차=+503 || 주행거리 적음 -0.3만km=+33 || = 적정가=11,791","고전원전기장치 판정 불가: 충전구 절연 상태(항목 없음), 구동축전지 격리 상태(항목 없음), 고전원전기배선 상태(항목 없음)",51.57,,False,,,,,-0.0,,,,,,,,,,사고 상세 없음,False,,2 | 1,0,0,flood_part_count,2025-12-15,최초등록일 2025-12-15,False,False,True,False,True,,,,,,,,0,,,,,,,,,없음,없음,,,,False,,,,"충전구 절연 상태(항목 없음), 구동축전지 격리 상태(항목 없음), 고전원전기배선 상태(항목 없음)",0,성능기록부가 사진(이미지)으로만 등록된 매물입니다 — 페이지에서 읽어 낼 수 있는 항목이 없습니다,정식서비스센터,3,2,21.59,17.98,12.0,-0.0,-0.0,21.59,17.98,0.0,-0.0,51.57,141.0,보통,True,"배터리 보증 여유 (7.2년 / 151,024km 남음, 기간(8년) 기준) ; 성능점검상 수리 부위 없음 ; 무사고 (보험이력 확인) ; 1인 소유",신차가 대비 감가 25% 에 그침 ; 주행거리 계기상태 판정 불가 (성능기록부 표기 확인 필요),,,https://ci.encar.com/carpicture02/pic4282/42822886_,http://www.encar.com/dc/dc_cardetailview.do?carid=42822886
,eqe_suv_350,벤츠 EQE SUV,42822952,238도7185,11650,11800.8,-150.8,1.28,15500,24.8,2024,12,0.8,8076,10033,경기,EQE53 AMG 4MATIC+,,7.2,151924,89.9,기간(8년),True,True,무사고,0,0,0,0,False,,,,,,0.0,,,11758.0,11801.0,151.0,1.28,0.26,587.0,할인 이유 충분,저평가 151만원이 위 사유 176만원으로 설명됩니다 — 진짜 저평가로 보기 어렵습니다,,성능기록부가 사진뿐 — 수리 부위·고전원전기장치를 확인할 수 없음=-176,176.0,-25.0,,1466,,unverified,,,,EQE53 AMG 4MATIC+,503.0,,unknown,,6,1,1.5,,,,,,,2026-10-01T10:49:12,4,,2026-10-01,2026-10-04,11650,,0,,,False,0,False,,15500,일반,True,"기준 시세 (동일 연식 · 평균주행 12,000km)=11,758 ||   ㄴ 위 기준 시세에 반영됨: EQE53 AMG 4MATIC+ 트림의 실측 시장 편차=+503 || 주행거리 적음 -0.4만km=+43 || = 적정가=11,801","고전원전기장치 판정 불가: 충전구 절연 상태(항목 없음), 구동축전지 격리 상태(항목 없음), 고전원전기배선 상태(항목 없음)",51.68,,False,,,,,-0.0,,,,,,,,,,사고 상세 없음,False,,2 | 1,0,0,flood_part_count,2025-12-15,최초등록일 2025-12-15,False,False,True,False,True,,,,,,,,0,,,,,,,,,없음,없음,,,,False,,,,"충전구 절연 상태(항목 없음), 구동축전지 격리 상태(항목 없음), 고전원전기배선 상태(항목 없음)",0,성능기록부가 사진(이미지)으로만 등록된 매물입니다 — 페이지에서 읽어 낼 수 있는 항목이 없습니다,정식서비스센터,6,1,21.7,17.98,12.0,-0.0,-0.0,21.7,17.98,0.0,-0.0,51.68,151.0,보통,True,"배터리 보증 여유 (7.2년 / 151,924km 남음, 기간(8년) 기준) ; 성능점검상 수리 부위 없음 ; 무사고 (보험이력 확인) ; 1인 소유",신차가 대비 감가 25% 에 그침 ; 주행거리 계기상태 판정 불가 (성능기록부 표기 확인 필요),,,https://ci.encar.com/carpicture02/pic4282/42822952_,http://www.encar.com/dc/dc_cardetailview.do?carid=42822952
,eqe_suv_350,벤츠 EQE SUV,42561492,296다8854,7850,7825.1,24.9,-0.32,10600,25.9,2026,4,0.43,1069,2138,경기,EQE350+,,7.57,158931,94.6,기간(8년),True,True,무사고,0,0,0,0,False,,,,,,0.0,,,7785.0,7825.0,-25.0,-0.32,-0.06,402.0,고평가,적정가보다 비쌉니다,  ㄴ 위 기준 시세에 반영됨: EQE350+ 트림의 실측 시장 편차=-173,성능기록부가 사진뿐 — 수리 부위·고전원전기장치를 확인할 수 없음=-117,117.0,,,1489,,unverified,,,,EQE350+,-173.0,,unknown,,775,10,16.1,,,,,,,2026-08-18T10:42:06,48,,2026-08-30,2026-10-04,8050,8000,-200,,,False,0,False,,10600,일반,True,"기준 시세 (동일 연식 · 평균주행 6,450km)=7,785 ||   ㄴ 위 기준 시세에 반영됨: EQE350+ 트림의 실측 시장 편차=-173 || 주행거리 적음 -0.5만km=+40 || = 적정가=7,825","고전원전기장치 판정 불가: 충전구 절연 상태(항목 없음), 구동축전지 격리 상태(항목 없음), 고전원전기배선 상태(항목 없음)",50.8,,False,,,,,-0.0,,,,,,,,,,사고 상세 없음,False,,2 | 1,0,0,flood_part_count,2026-04-30,최초등록일 2026-04-30,False,False,True,False,True,,,,,,,,0,,,,,,,,,없음,없음,,,,False,,,,"충전구 절연 상태(항목 없음), 구동축전지 격리 상태(항목 없음), 고전원전기배선 상태(항목 없음)",0,성능기록부가 사진(이미지)으로만 등록된 매물입니다 — 페이지에서 읽어 낼 수 있는 항목이 없습니다,정식서비스센터,775,10,19.58,18.92,12.0,-0.0,-0.0,19.58,18.92,0.3,-0.0,50.8,-25.0,보통,True,"배터리 보증 여유 (7.6년 / 158,931km 남음, 기간(8년) 기준) ; 성능점검상 수리 부위 없음 ; 무사고 (보험이력 확인) ; 1인 소유",주행거리 계기상태 판정 불가 (성능기록부 표기 확인 필요),,,https://ci.encar.com/carpicture06/pic4256/42561492_,http://www.encar.com/dc/dc_cardetailview.do?carid=42561492
,eqe_suv_350,벤츠 EQE SUV,42604120,296다8840,9500,10038.0,-538.0,5.36,14080,32.5,2026,4,0.49,2665,5330,경기,EQE500 4MATIC,,7.51,157335,93.9,기간(8년),True,True,무사고,0,0,0,0,False,,,,,,0.0,,,9992.0,10038.0,538.0,5.36,1.01,534.0,일부 설명됨,저평가 538만원 중 400만원은 위 사유로 설명되고 138만원이 남습니다 — 남은 만큼은 확인할 값어치가 있습니다,  ㄴ 위 기준 시세에 반영됨: EQE500 트림의 실측 시장 편차 · 배터리 파라시스=-523,성능기록부가 사진뿐 — 수리 부위·고전원전기장치를 확인할 수 없음=-150 ; 자차보험 미가입 1구간 · 개인 소유 기간 (202604~202606) — 그 기간 사고는 보험기록에 없을 수 있음=-250,400.0,138.0,,1489,,unverified,,,,EQE500,-523.0,파라시스,high,2024년 인천 청라 지하주차장 화재 차량 탑재 제조사. 국내 시장이 강하게 기피해 시세가 눌려 있다.,886,12,21.6,주의 — 많이 봤는데 안 팔림,"하루 22회 조회(중앙값 14회)로 41일째입니다. 많은 사람이 보고 지나쳤다는 뜻이라, 화면에 안 보이는 이유가 있을 수 있습니다. 실차 확인이 특히 중요합니다.",배터리 파라시스 — 2024년 인천 청라 지하주차장 화재 차량 탑재 제조사. 국내 시장이 강하게 기피해 시세가 눌려 있다. 이 효과는 위 기준 시세의 트림 보정에 이미 반영돼 있습니다 (중복 차감하지 않음),,202604~202606,,2026-08-25T11:52:38,41,,2026-08-30,2026-10-04,9800,9800,-300,,202604~202606,False,0,False,,14080,일반,True,"기준 시세 (동일 연식 · 평균주행 7,350km)=9,992 ||   ㄴ 위 기준 시세에 반영됨: EQE500 트림의 실측 시장 편차 · 배터리 파라시스=-523 || 주행거리 적음 -0.5만km=+46 || = 적정가=10,038","고전원전기장치 판정 불가: 충전구 절연 상태(항목 없음), 구동축전지 격리 상태(항목 없음), 고전원전기배선 상태(항목 없음)",60.43,,False,,,,,-0.0,,,,,,,,,,사고 상세 없음,False,,2 | 1,0,0,flood_part_count,2026-04-10,최초등록일 2026-04-10,False,False,True,False,True,,,,,,,,0,,,,,,,,,없음,없음,,,,False,,,,"충전구 절연 상태(항목 없음), 구동축전지 격리 상태(항목 없음), 고전원전기배선 상태(항목 없음)",0,성능기록부가 사진(이미지)으로만 등록된 매물입니다 — 페이지에서 읽어 낼 수 있는 항목이 없습니다,정식서비스센터,886,12,27.15,18.78,12.0,-0.0,-0.0,27.15,18.78,2.5,-0.0,60.43,538.0,보통,True,"시세 대비 5.4% 저평가 (예측 10,038만원) ; 배터리 보증 여유 (7.5년 / 157,335km 남음, 기간(8년) 기준) ; 성능점검상 수리 부위 없음 ; 무사고 (보험이력 확인) ; 1인 소유",주행거리 계기상태 판정 불가 (성능기록부 표기 확인 필요),,,https://ci.encar.com/carpicture10/pic4260/42604120_,http://www.encar.com/dc/dc_cardetailview.do?carid=42604120
,eqe_suv_350,벤츠 EQE SUV,42823012,238도7188,11650,11770.9,-120.9,1.03,15500,24.8,2024,12,0.8,10827,13450,경기,EQE53 AMG 4MATIC+,,7.2,149173,89.9,기간(8년),True,True,무사고,0,0,0,0,False,,,,,,0.0,,,11758.0,11771.0,121.0,1.03,0.21,587.0,할인 이유 충분,저평가 121만원이 위 사유 176만원으로 설명됩니다 — 진짜 저평가로 보기 어렵습니다,,성능기록부가 사진뿐 — 수리 부위·고전원전기장치를 확인할 수 없음=-176,176.0,-55.0,,1466,,unverified,,,,EQE53 AMG 4MATIC+,503.0,,unknown,,5,2,1.2,,,,,,,2026-10-01T10:49:12,4,,2026-10-01,2026-10-04,11650,,0,,,False,0,False,,15500,일반,True,"기준 시세 (동일 연식 · 평균주행 12,000km)=11,758 ||   ㄴ 위 기준 시세에 반영됨: EQE53 AMG 4MATIC+ 트림의 실측 시장 편차=+503 || 주행거리 적음 -0.1만km=+13 || = 적정가=11,771","고전원전기장치 판정 불가: 충전구 절연 상태(항목 없음), 구동축전지 격리 상태(항목 없음), 고전원전기배선 상태(항목 없음)",51.35,,False,,,,,-0.0,,,,,,,,,,사고 상세 없음,False,,2 | 1,0,0,flood_part_count,2025-12-15,최초등록일 2025-12-15,False,False,True,False,True,,,,,,,,0,,,,,,,,,없음,없음,,,,False,,,,"충전구 절연 상태(항목 없음), 구동축전지 격리 상태(항목 없음), 고전원전기배선 상태(항목 없음)",0,성능기록부가 사진(이미지)으로만 등록된 매물입니다 — 페이지에서 읽어 낼 수 있는 항목이 없습니다,정식서비스센터,5,2,21.37,17.98,12.0,-0.0,-0.0,21.37,17.98,0.0,-0.0,51.35,121.0,보통,True,"배터리 보증 여유 (7.2년 / 149,173km 남음, 기간(8년) 기준) ; 성능점검상 수리 부위 없음 ; 무사고 (보험이력 확인) ; 1인 소유",신차가 대비 감가 25% 에 그침 ; 주행거리 계기상태 판정 불가 (성능기록부 표기 확인 필요),,,https://ci.encar.com/carpicture02/pic4282/42823012_,http://www.encar.com/dc/dc_cardetailview.do?carid=42823012
,eqe_suv_350,벤츠 EQE SUV,42823123,238도7198,11600,11705.3,-105.3,0.9,15500,25.2,2024,12,0.8,16879,20969,경기,EQE53 AMG 4MATIC+,,7.2,143121,89.5,주행(16만km),True,True,무사고,0,0,0,0,False,,,,,,0.0,,,11758.0,11705.0,105.0,0.9,0.18,587.0,할인 이유 충분,저평가 105만원이 위 사유 176만원으로 설명됩니다 — 진짜 저평가로 보기 어렵습니다,과주행 +0.5만km=-53,성능기록부가 사진뿐 — 수리 부위·고전원전기장치를 확인할 수 없음=-176,176.0,-71.0,,1466,,unverified,,,,EQE53 AMG 4MATIC+,503.0,,unknown,,6,1,1.5,,,,,,,2026-10-01T10:49:12,4,,2026-10-01,2026-10-04,11600,,0,,,False,0,False,,15500,일반,True,"기준 시세 (동일 연식 · 평균주행 12,000km)=11,758 ||   ㄴ 위 기준 시세에 반영됨: EQE53 AMG 4MATIC+ 트림의 실측 시장 편차=+503 || 과주행 +0.5만km=-53 || = 적정가=11,705","고전원전기장치 판정 불가: 충전구 절연 상태(항목 없음), 구동축전지 격리 상태(항목 없음), 고전원전기배선 상태(항목 없음)",51.17,,False,,,,,-0.0,,,,,,,,,,사고 상세 없음,False,,2 | 1,0,0,flood_part_count,2025-12-15,최초등록일 2025-12-15,False,False,True,False,True,,,,,,,,0,,,,,,,,,없음,없음,,,,False,,,,"충전구 절연 상태(항목 없음), 구동축전지 격리 상태(항목 없음), 고전원전기배선 상태(항목 없음)",0,성능기록부가 사진(이미지)으로만 등록된 매물입니다 — 페이지에서 읽어 낼 수 있는 항목이 없습니다,정식서비스센터,6,1,21.2,17.9,12.0,-0.0,-0.0,21.2,17.9,0.07,-0.0,51.17,105.0,보통,True,"배터리 보증 여유 (7.2년 / 143,121km 남음, 주행(16만km) 기준) ; 성능점검상 수리 부위 없음 ; 무사고 (보험이력 확인) ; 1인 소유",주행거리 계기상태 판정 불가 (성능기록부 표기 확인 필요),,,https://ci.encar.com/carpicture02/pic4282/42823123_,http://www.encar.com/dc/dc_cardetailview.do?carid=42823123
,eqe_suv_350,벤츠 EQE SUV,42706816,19러1641,7800,7797.4,2.6,-0.03,10600,26.4,2026,4,0.43,4804,9608,경기,EQE350+,,7.57,155196,94.6,기간(8년),True,True,무사고,0,0,0,0,False,,오일누유 / 미세누유 / 누유 / 냉각수누수 / 미세누수 / 누수 / 동력조향 작동 오일 누유 / 브레이크 마스터 실린더오일 누유 / 브레이크 오일 누유,"비금속(FRP 플라스틱)의 탈부착 가능 부품은 점검사항에서 제외되며 중고차 특성 상 부분적인 판금,도색 및 차량의 노후화에 따른 자연스러운 부식이 있을 수 있습니다.",타이어,,,,,7785.0,7677.0,-123.0,-1.6,-0.31,402.0,고평가,적정가보다 비쌉니다,"  ㄴ 위 기준 시세에 반영됨: EQE350+ 트림의 실측 시장 편차=-173 ; 세부상태 불량 (누유, 조향)=-120",,0.0,,,557,W1NGM2BB8TA071872,unverified,,,,EQE350+,-173.0,,unknown,,4,0,0.2,,,,,,,2026-09-09T20:49:59,26,,2026-09-10,2026-10-04,7800,,0,,,False,0,False,,10600,일반,False,"기준 시세 (동일 연식 · 평균주행 6,450km)=7,785 ||   ㄴ 위 기준 시세에 반영됨: EQE350+ 트림의 실측 시장 편차=-173 || 주행거리 적음 -0.2만km=+12 || 세부상태 불량 (누유, 조향)=-120 || = 적정가=7,677","세부상태 판정 불가: 냉각수누수(txt_state 에 on/active 가 없음 (판정 불가)), 제동(txt_state 에 on/active 가 없음 (판정 불가)), 연료누출(txt_state 에 on/active 가 없음 (판정 불",51.34,,,,,4804,0,-0.0,False,False,,"비금속(FRP 플라스틱)의 탈부착 가능 부품은 점검사항에서 제외되며 중고차 특성 상 부분적인 판금,도색 및 차량의 노후화에 따른 자연스러운 부식이 있을 수 있습니다.","외장, 내장, 광택, 룸 클리링, 휠, 타이어, 유리",,,W1NGM2BB8TA071872,,사고 상세 없음,False,,2 | 1,0,0,flood_part_count,2026년 04월 30일,최초등록일 2026-04-30,False,False,True,False,True,,,0.0,,,,,5,양호,4804,양호,없음,없음,없음,해당없음,,없음,없음,2026년 04월 30일,2026년 04월 30일 ~ 2031년 04월 29일,성능 · 상태점검자,True,"누유, 조향","냉각수누수(txt_state 에 on/active 가 없음 (판정 불가)), 제동(txt_state 에 on/active 가 없음 (판정 불가)), 연료누출(txt_state 에 on/active 가 없음 (판정 불가))",,,3,script 의 부위별 손상표에서 읽음 (init 의 data 가 null (수리 부위 없음)),메르세데스벤츠,4,0,19.95,18.92,12.0,-0.0,-0.0,19.95,18.92,0.47,-0.0,51.34,-123.0,보통,True,"배터리 보증 여유 (7.6년 / 155,196km 남음, 기간(8년) 기준) ; 무사고 (보험이력 확인) ; 1인 소유",,,,https://ci.encar.com/carpicture10/pic4270/42706816_,http://www.encar.com/dc/dc_cardetailview.do?carid=42706816
,eqe_suv_350,벤츠 EQE SUV,42170881,397라2704,8900,9285.7,-385.7,4.15,13620,34.7,2025,10,0.99,7165,7269,대전,EQE500 4MATIC,,7.01,152835,87.7,기간(8년),True,False,"내차 피해 3건 / 내차 수리비 500만원 초과 (14,073,780원)",3,0,14073780,0,False,,,,,,0.0,,,9212.0,7878.0,-1022.0,-12.97,-1.98,516.0,고평가,적정가보다 비쌉니다,"  ㄴ 위 기준 시세에 반영됨: EQE500 트림의 실측 시장 편차 · 배터리 파라시스=-506 ; 사고이력 내차 3건 / 타차 0건 · 수리비 1,407만원=-1,407",성능기록부가 사진뿐 — 수리 부위·고전원전기장치를 확인할 수 없음=-138 ; 3개월 이상 미판매 (112일째) — 협상 여지이자 남들이 지나쳤다는 신호=-138 ; 사고는 있으나 수리 부위를 확인할 수 없음=-184,461.0,,,1845,,unverified,,,,EQE500,-506.0,파라시스,high,2024년 인천 청라 지하주차장 화재 차량 탑재 제조사. 국내 시장이 강하게 기피해 시세가 눌려 있다.,4646,22,41.5,주의 — 많이 봤는데 안 팔림,"하루 41회 조회(중앙값 14회)로 112일째입니다. 많은 사람이 보고 지나쳤다는 뜻이라, 화면에 안 보이는 이유가 있을 수 있습니다. 실차 확인이 특히 중요합니다.",배터리 파라시스 — 2024년 인천 청라 지하주차장 화재 차량 탑재 제조사. 국내 시장이 강하게 기피해 시세가 눌려 있다. 이 효과는 위 기준 시세의 트림 보정에 이미 반영돼 있습니다 (중복 차감하지 않음),,,,2026-06-15T11:13:59,112,,2026-08-30,2026-10-04,9200,9200,-300,,,False,0,False,,13620,일반,True,"기준 시세 (동일 연식 · 평균주행 14,850km)=9,212 ||   ㄴ 위 기준 시세에 반영됨: EQE500 트림의 실측 시장 편차 · 배터리 파라시스=-506 || 주행거리 적음 -0.8만km=+73 || 사고이력 내차 3건 / 타차 0건 · 수리비 1,407만원=-1,407 || = 적정가=7,878","사고는 있으나 수리 부위를 모릅니다 (점검자 코멘트에 부위 언급 없음) ; 고전원전기장치 판정 불가: 충전구 절연 상태(항목 없음), 구동축전지 격리 상태(항목 없음), 고전원전기배선 상태(항목 없음)",13.31,,False,,,,,-0.0,,,,,,,,,"2026-03-15 내차 피해 보험금 5,780,000원 (부품 5,115,833원, 공임 734,720원, 도장 935,226원) | 2026-03-15 내차 피해 보험금 3,220,000원 (부품 2,637,506원, 공임 1,251,680원, 도장 335,648원) | 2026-01-07 내차 피해 보험금 2,145,000원 (부품 2,827,916원, 공임 235,251원)",검증됨 (내차 3건 / 타차 0건 일치),False,,2 | 1,0,0,flood_part_count,2025-10-10,최초등록일 2025-10-10,False,False,True,False,True,,,,,,,,0,,,,,,,,,없음,없음,,,,False,,,,"충전구 절연 상태(항목 없음), 구동축전지 격리 상태(항목 없음), 고전원전기배선 상태(항목 없음)",0,성능기록부가 사진(이미지)으로만 등록된 매물입니다 — 페이지에서 읽어 낼 수 있는 항목이 없습니다,메르세데스벤츠코리아,4646,22,25.54,17.54,4.0,-0.0,-37.0,25.54,17.54,3.23,-37.0,13.31,-1022.0,보통,True,"배터리 보증 여유 (7.0년 / 152,835km 남음, 기간(8년) 기준) ; 성능점검상 수리 부위 없음 ; 1인 소유","사고이력: 내차 피해 3건 / 내차 수리비 500만원 초과 (14,073,780원) ;   · 2026-03-15 내차 피해 보험금 5,780,000원 (부품 5,115,833원, 공임 734,720원, 도장 935,226원) ;   · 2026-03-15 내차 피해 보험금 3,220,000원 (부품 2,637,506원, 공임 1,251,680원, 도장 335,648원) ;   · 2026-01-07 내차 피해 보험금 2,145,000원 (부품 2,827,916원, 공임 235,251원) ; 주행거리 계기상태 판정 불가 (성능기록부 표기 확인 필요)",,,https://ci.encar.com/carpicture07/pic4217/42170881_,http://www.encar.com/dc/dc_cardetailview.do?carid=42170881
,eqe_suv_350,벤츠 EQE SUV,42769975,276라2667,7790,7795.7,-5.7,0.07,10600,26.5,2026,4,0.43,5027,10054,대구,EQE350+,,7.57,154973,94.6,기간(8년),True,True,무사고,0,0,0,0,False,,,,,,,,,7785.0,7796.0,6.0,0.07,0.01,402.0,할인 이유 충분,저평가 6만원이 위 사유 117만원으로 설명됩니다 — 진짜 저평가로 보기 어렵습니다,  ㄴ 위 기준 시세에 반영됨: EQE350+ 트림의 실측 시장 편차=-173,성능기록부가 사진뿐 — 수리 부위·고전원전기장치를 확인할 수 없음=-117,117.0,-111.0,,2718,,unverified,,,,EQE350+,-173.0,,unknown,,13,0,0.9,,,,,,,2026-09-21T10:50:02,14,,2026-09-21,2026-10-04,7790,,0,,,False,0,False,,10600,일반,True,"기준 시세 (동일 연식 · 평균주행 6,450km)=7,785 ||   ㄴ 위 기준 시세에 반영됨: EQE350+ 트림의 실측 시장 편차=-173 || 주행거리 적음 -0.1만km=+11 || = 적정가=7,796","고전원전기장치 판정 불가: 충전구 절연 상태(항목 없음), 구동축전지 격리 상태(항목 없음), 고전원전기배선 상태(항목 없음)",51.52,,,,,,,-0.0,,,,,,,,,,사고 상세 없음,False,,2 | 1,0,0,flood_part_count,2026-04-30,최초등록일 2026-04-30,False,False,True,False,True,,,,,,,,0,,,,,,,,,,,,,,False,,,,"충전구 절연 상태(항목 없음), 구동축전지 격리 상태(항목 없음), 고전원전기배선 상태(항목 없음)",0,성능기록부가 사진(이미지)으로만 등록된 매물입니다 — 페이지에서 읽어 낼 수 있는 항목이 없습니다,벤츠코리아(주),13,0,20.1,18.92,12.0,-0.0,-0.0,20.1,18.92,0.5,-0.0,51.52,6.0,보통,True,"배터리 보증 여유 (7.6년 / 154,973km 남음, 기간(8년) 기준) ; 무사고 (보험이력 확인) ; 1인 소유",주행거리 계기상태 판정 불가 (성능기록부 표기 확인 필요),,,https://ci.encar.com/carpicture06/pic4276/42769975_,http://www.encar.com/dc/dc_cardetailview.do?carid=42769975
,eqe_suv_350,벤츠 EQE SUV,42184747,46오6526,7700,7114.8,585.2,-8.23,12850,40.1,2023,7,3.2,13300,4155,서울,EQE500 4MATIC,,4.8,146700,60.0,기간(8년),True,False,"내차 피해 1건 / 내차 수리비 50~200만원 (1,916,121원)",1,0,1916121,1,False,,,,,,0.0,,,6803.0,6923.0,-777.0,-11.22,-1.6,487.0,고평가,적정가보다 비쌉니다,  ㄴ 위 기준 시세에 반영됨: EQE500 트림의 실측 시장 편차 · 배터리 파라시스=-477 ; 사고이력 내차 1건 / 타차 0건 · 수리비 192만원=-192,성능기록부가 사진뿐 — 수리 부위·고전원전기장치를 확인할 수 없음=-102 ; 사고는 있으나 수리 부위를 확인할 수 없음=-136,238.0,,,1799,,unverified,,,,EQE500,-477.0,파라시스,high,2024년 인천 청라 지하주차장 화재 차량 탑재 제조사. 국내 시장이 강하게 기피해 시세가 눌려 있다.,2039,15,27.2,주의 — 많이 봤는데 안 팔림,"하루 27회 조회(중앙값 14회)로 75일째입니다. 많은 사람이 보고 지나쳤다는 뜻이라, 화면에 안 보이는 이유가 있을 수 있습니다. 실차 확인이 특히 중요합니다.",배터리 파라시스 — 2024년 인천 청라 지하주차장 화재 차량 탑재 제조사. 국내 시장이 강하게 기피해 시세가 눌려 있다. 이 효과는 위 기준 시세의 트림 보정에 이미 반영돼 있습니다 (중복 차감하지 않음),,,,2026-07-22T13:48:13,75,,2026-08-30,2026-10-04,8000,7800,-300,,,False,0,False,,12850,일반,True,"기준 시세 (동일 연식 · 평균주행 48,000km)=6,803 ||   ㄴ 위 기준 시세에 반영됨: EQE500 트림의 실측 시장 편차 · 배터리 파라시스=-477 || 주행거리 적음 -3.5만km=+312 || 사고이력 내차 1건 / 타차 0건 · 수리비 192만원=-192 || = 적정가=6,923","사고는 있으나 수리 부위를 모릅니다 (점검자 코멘트에 부위 언급 없음) ; 고전원전기장치 판정 불가: 충전구 절연 상태(항목 없음), 구동축전지 격리 상태(항목 없음), 고전원전기배선 상태(항목 없음)",20.07,,False,,,,,-0.0,,,,,,,,,"2024-01-18 내차 피해 보험금 1,680,000원 (부품 1,834,121원, 공임 82,000원)",검증됨 (내차 1건 / 타차 0건 일치),False,,2 | 1,0,0,flood_part_count,2023-07-24,최초등록일 2023-07-24,False,False,True,False,True,,,,,,,,0,,,,,,,,,없음,없음,,,,False,,,,"충전구 절연 상태(항목 없음), 구동축전지 격리 상태(항목 없음), 고전원전기배선 상태(항목 없음)",0,성능기록부가 사진(이미지)으로만 등록된 매물입니다 — 페이지에서 읽어 낼 수 있는 항목이 없습니다,메르세데스벤츠코리아,2039,15,9.03,12.0,4.0,-0.0,-10.0,9.03,12.0,5.03,-10.0,20.07,-777.0,보통,True,"배터리 보증 여유 (4.8년 / 146,700km 남음, 기간(8년) 기준) ; 성능점검상 수리 부위 없음 ; 1인 소유","시세 대비 8.2% 비쌈 (예측 7,115만원) ; 사고이력: 내차 피해 1건 / 내차 수리비 50~200만원 (1,916,121원) ;   · 2024-01-18 내차 피해 보험금 1,680,000원 (부품 1,834,121원, 공임 82,000원) ; 주행거리 계기상태 판정 불가 (성능기록부 표기 확인 필요)",,,https://ci.encar.com/carpicture08/pic4218/42184747_,http://www.encar.com/dc/dc_cardetailview.do?carid=42184747
,eqe_suv_350,벤츠 EQE SUV,42705985,354주4126,7550,7385.3,164.7,-2.23,12850,41.2,2023,12,2.76,18436,6673,경기,EQE500 4MATIC,,5.24,141564,65.5,기간(8년),True,True,무사고,0,0,0,1,False,,오일누유 / 미세누유 / 누유 / 냉각수누수 / 미세누수 / 누수 / 동력조향 작동 오일 누유 / 브레이크 마스터 실린더오일 누유 / 브레이크 오일 누유,,타이어,,,,,7179.0,7385.0,-165.0,-2.23,-0.34,487.0,고평가,적정가보다 비쌉니다,  ㄴ 위 기준 시세에 반영됨: EQE500 트림의 실측 시장 편차 · 배터리 파라시스=-477,자차보험 미가입 1구간 · 개인 소유 기간 (202604~202606) — 그 기간 사고는 보험기록에 없을 수 있음=-179,179.0,,,1521,W1NGM2CB2PA026916,unverified,,,,EQE500,-477.0,파라시스,high,2024년 인천 청라 지하주차장 화재 차량 탑재 제조사. 국내 시장이 강하게 기피해 시세가 눌려 있다.,38,2,1.5,,,배터리 파라시스 — 2024년 인천 청라 지하주차장 화재 차량 탑재 제조사. 국내 시장이 강하게 기피해 시세가 눌려 있다. 이 효과는 위 기준 시세의 트림 보정에 이미 반영돼 있습니다 (중복 차감하지 않음),,202604~202606,,2026-09-09T17:52:47,26,,2026-09-10,2026-10-04,7550,,0,,202604~202606,False,0,False,,12850,일반,False,"기준 시세 (동일 연식 · 평균주행 41,400km)=7,179 ||   ㄴ 위 기준 시세에 반영됨: EQE500 트림의 실측 시장 편차 · 배터리 파라시스=-477 || 주행거리 적음 -2.3만km=+207 || = 적정가=7,385",,47.53,,,,,18436,0,-0.0,False,True,"1, 이행",,"외장, 내장, 광택, 룸 클리링, 휠, 타이어, 유리",,,W1NGM2CB2PA026916,,사고 상세 없음,False,,2 | 1,0,0,flood_part_count,2023년 12월 31일,최초등록일 2023-12-31,False,False,True,False,True,,,0.0,,,,,5,양호,18436,양호,없음,없음,없음,해당,이행,없음,없음,2023년 12월 31일,2024년 04월 26일 ~ 2028년 04월 25일,성능 · 상태점검자,True,,,,,3,script 의 부위별 손상표에서 읽음 (init 의 data 가 null (수리 부위 없음)),벤츠코리아,38,2,17.03,13.1,12.0,-0.0,-0.0,17.03,13.1,5.4,-0.0,47.53,-165.0,보통,True,"배터리 보증 여유 (5.2년 / 141,564km 남음, 기간(8년) 기준) ; 무사고 (보험이력 확인) ; 1인 소유",,,,https://ci.encar.com/carpicture10/pic4270/42705985_,http://www.encar.com/dc/dc_cardetailview.do?carid=42705985
,eqe_suv_350,벤츠 EQE SUV,42729643,01루2579,7800,7539.9,260.1,-3.45,12850,39.3,2023,12,2.45,26054,10632,서울,EQE500 4MATIC,,5.55,133946,69.4,기간(8년),True,False,타차 가해 1건,0,1,0,1,False,,,,,,0.0,,,7444.0,7540.0,-260.0,-3.45,-0.53,487.0,고평가,적정가보다 비쌉니다,  ㄴ 위 기준 시세에 반영됨: EQE500 트림의 실측 시장 편차 · 배터리 파라시스=-477,성능기록부가 사진뿐 — 수리 부위·고전원전기장치를 확인할 수 없음=-112 ; 사고는 있으나 수리 부위를 확인할 수 없음=-149,261.0,,,1805,,unverified,,,,EQE500,-477.0,파라시스,high,2024년 인천 청라 지하주차장 화재 차량 탑재 제조사. 국내 시장이 강하게 기피해 시세가 눌려 있다.,112,2,5.3,,,배터리 파라시스 — 2024년 인천 청라 지하주차장 화재 차량 탑재 제조사. 국내 시장이 강하게 기피해 시세가 눌려 있다. 이 효과는 위 기준 시세의 트림 보정에 이미 반영돼 있습니다 (중복 차감하지 않음),,,,2026-09-14T14:02:41,21,,2026-09-18,2026-10-04,7800,,0,,,False,0,False,,12850,일반,True,"기준 시세 (동일 연식 · 평균주행 36,750km)=7,444 ||   ㄴ 위 기준 시세에 반영됨: EQE500 트림의 실측 시장 편차 · 배터리 파라시스=-477 || 주행거리 적음 -1.1만km=+96 || = 적정가=7,540","사고는 있으나 수리 부위를 모릅니다 (점검자 코멘트에 부위 언급 없음) ; 고전원전기장치 판정 불가: 충전구 절연 상태(항목 없음), 구동축전지 격리 상태(항목 없음), 고전원전기배선 상태(항목 없음)",36.55,,False,,,,,-0.0,,,,,,,,,"2025-05-20 타차 가해 보험금 1,314,942원 (부품 476,855원, 공임 214,220원, 도장 346,109원)",검증됨 (내차 0건 / 타차 1건 일치),False,,2 | 1,0,0,flood_part_count,2024-04-23,최초등록일 2024-04-23,False,False,True,False,True,,,,,,,,0,,,,,,,,,없음,없음,,,,False,,,,"충전구 절연 상태(항목 없음), 구동축전지 격리 상태(항목 없음), 고전원전기배선 상태(항목 없음)",0,성능기록부가 사진(이미지)으로만 등록된 매물입니다 — 페이지에서 읽어 낼 수 있는 항목이 없습니다,메르세데스벤츠코리아,112,2,15.4,13.88,4.0,-0.0,-1.5,15.4,13.88,4.77,-1.5,36.55,-260.0,보통,True,"배터리 보증 여유 (5.5년 / 133,946km 남음, 기간(8년) 기준) ; 성능점검상 수리 부위 없음 ; 1인 소유","사고이력: 타차 가해 1건 ;   · 2025-05-20 타차 가해 보험금 1,314,942원 (부품 476,855원, 공임 214,220원, 도장 346,109원) ; 주행거리 계기상태 판정 불가 (성능기록부 표기 확인 필요)",,,https://ci.encar.com/carpicture02/pic4272/42729643_,http://www.encar.com/dc/dc_cardetailview.do?carid=42729643
,eqe_suv_350,벤츠 EQE SUV,42343252,02무2768,7690,7418.4,271.6,-3.66,12850,40.2,2023,12,2.81,10756,3832,경기,EQE500 4MATIC,,5.19,149244,64.9,기간(8년),True,True,무사고,0,0,0,0,False,,오일누유 / 미세누유 / 누유 / 냉각수누수 / 미세누수 / 누수 / 동력조향 작동 오일 누유 / 브레이크 마스터 실린더오일 누유 / 브레이크 오일 누유,,타이어,,,,,7136.0,7418.0,-272.0,-3.66,-0.56,487.0,고평가,적정가보다 비쌉니다,  ㄴ 위 기준 시세에 반영됨: EQE500 트림의 실측 시장 편차 · 배터리 파라시스=-477,,0.0,,,1756,W1NGM2CB4PA018607,unverified,,,,EQE500,-477.0,파라시스,high,2024년 인천 청라 지하주차장 화재 차량 탑재 제조사. 국내 시장이 강하게 기피해 시세가 눌려 있다.,217,5,9.0,,,배터리 파라시스 — 2024년 인천 청라 지하주차장 화재 차량 탑재 제조사. 국내 시장이 강하게 기피해 시세가 눌려 있다. 이 효과는 위 기준 시세의 트림 보정에 이미 반영돼 있습니다 (중복 차감하지 않음),,,,2026-09-11T10:20:48,24,,2026-08-30,2026-10-04,7890,7790,-200,,,False,0,False,,12850,일반,False,"기준 시세 (동일 연식 · 평균주행 42,150km)=7,136 ||   ㄴ 위 기준 시세에 반영됨: EQE500 트림의 실측 시장 편차 · 배터리 파라시스=-477 || 주행거리 적음 -3.1만km=+282 || = 적정가=7,418",,45.16,,,,,10756,0,-0.0,False,False,,"중고차 특성상 부분적인 판금,도색이 있을 수 있습니다.(FRP 및 카본재질 판독불가 보증사항에서 제외됨),내차 피해 없음정비이력 - 루프패널","외장, 내장, 광택, 룸 클리링, 휠, 타이어, 유리",,,W1NGM2CB4PA018607,,사고 상세 없음,False,,2 | 1,0,0,flood_part_count,2023년 12월 15일,최초등록일 2023-12-15,False,False,True,False,True,,,0.0,,,,,5,양호,10756,양호,없음,없음,없음,해당없음,,없음,없음,2023년 12월 15일,2023년 12월 15일 ~ 2027년 12월 14일,성능 · 상태점검자,True,,,,,3,script 의 부위별 손상표에서 읽음 (init 의 data 가 null (수리 부위 없음)),,217,5,15.12,12.98,12.0,-0.0,-0.0,15.12,12.98,5.07,-0.0,45.16,-272.0,보통,True,"배터리 보증 여유 (5.2년 / 149,244km 남음, 기간(8년) 기준) ; 무사고 (보험이력 확인) ; 1인 소유",,,,https://ci.encar.com/carpicture04/pic4234/42343252_,http://www.encar.com/dc/dc_cardetailview.do?carid=42343252
,eqe_suv_350,벤츠 EQE SUV,42787144,19러1604,7850,7818.7,31.3,-0.4,10600,25.9,2026,4,0.43,1922,3844,충남,EQE350+,,7.57,158078,94.6,기간(8년),True,True,무사고,0,0,0,0,False,,,,,,0.0,,,7785.0,7819.0,-31.0,-0.4,-0.08,402.0,고평가,적정가보다 비쌉니다,  ㄴ 위 기준 시세에 반영됨: EQE350+ 트림의 실측 시장 편차=-173,성능기록부가 사진뿐 — 수리 부위·고전원전기장치를 확인할 수 없음=-117,117.0,,,568,,unverified,,,,EQE350+,-173.0,,unknown,,5,1,0.4,,,,,,,2026-09-23T09:30:04,12,,2026-09-23,2026-10-04,7850,,0,,,False,0,False,,10600,일반,True,"기준 시세 (동일 연식 · 평균주행 6,450km)=7,785 ||   ㄴ 위 기준 시세에 반영됨: EQE350+ 트림의 실측 시장 편차=-173 || 주행거리 적음 -0.5만km=+34 || = 적정가=7,819","고전원전기장치 판정 불가: 충전구 절연 상태(항목 없음), 구동축전지 격리 상태(항목 없음), 고전원전기배선 상태(항목 없음)",50.69,,False,,,,,-0.0,,,,,,,,,,사고 상세 없음,False,,2 | 1,0,0,flood_part_count,2026-04-30,최초등록일 2026-04-30,False,False,True,False,True,,,,,,,,0,,,,,,,,,없음,없음,,,,False,,,,"충전구 절연 상태(항목 없음), 구동축전지 격리 상태(항목 없음), 고전원전기배선 상태(항목 없음)",0,성능기록부가 사진(이미지)으로만 등록된 매물입니다 — 페이지에서 읽어 낼 수 있는 항목이 없습니다,벤츠 서비스 센터,5,1,19.47,18.92,12.0,-0.0,-0.0,19.47,18.92,0.3,-0.0,50.69,-31.0,보통,True,"배터리 보증 여유 (7.6년 / 158,078km 남음, 기간(8년) 기준) ; 성능점검상 수리 부위 없음 ; 무사고 (보험이력 확인) ; 1인 소유",주행거리 계기상태 판정 불가 (성능기록부 표기 확인 필요),,,https://ci.encar.com/carpicture08/pic4278/42787144_,http://www.encar.com/dc/dc_cardetailview.do?carid=42787144
,eqe_suv_350,벤츠 EQE SUV,42633346,57마4831,9650,9277.6,372.4,-4.01,13620,29.1,2025,9,1.09,18,16,광주,EQE500 4MATIC,,6.91,159982,86.3,기간(8년),True,True,무사고,0,0,0,0,False,,,,,,0.0,,,9122.0,9278.0,-372.0,-4.01,-0.72,516.0,고평가,적정가보다 비쌉니다,  ㄴ 위 기준 시세에 반영됨: EQE500 트림의 실측 시장 편차 · 배터리 파라시스=-506,성능기록부가 사진뿐 — 수리 부위·고전원전기장치를 확인할 수 없음=-137,137.0,,,2795,,unverified,,,,EQE500,-506.0,파라시스,high,2024년 인천 청라 지하주차장 화재 차량 탑재 제조사. 국내 시장이 강하게 기피해 시세가 눌려 있다.,275,1,7.2,기회 — 노출 부족,"하루 7회 조회(중앙값 14회)로 38일째입니다. 사람들이 본 뒤 지나친 게 아니라 아예 못 본 쪽에 가깝습니다. 조회 275회에 찜 1개(비율 0.36%, 중앙값 0.76%) — 보고 나서 관심을 접은 사람이 많다는 신호입니다.",배터리 파라시스 — 2024년 인천 청라 지하주차장 화재 차량 탑재 제조사. 국내 시장이 강하게 기피해 시세가 눌려 있다. 이 효과는 위 기준 시세의 트림 보정에 이미 반영돼 있습니다 (중복 차감하지 않음),,,,2026-08-28T18:27:44,38,,2026-08-30,2026-10-04,9950,9950,-300,,,False,0,False,,13620,일반,True,"기준 시세 (동일 연식 · 평균주행 16,350km)=9,122 ||   ㄴ 위 기준 시세에 반영됨: EQE500 트림의 실측 시장 편차 · 배터리 파라시스=-506 || 주행거리 적음 -1.6만km=+156 || = 적정가=9,278","고전원전기장치 판정 불가: 충전구 절연 상태(항목 없음), 구동축전지 격리 상태(항목 없음), 고전원전기배선 상태(항목 없음)",45.27,,False,,,,,-0.0,,,,,,,,,,사고 상세 없음,False,,2 | 1,0,0,flood_part_count,2025-09-01,최초등록일 2025-09-01,False,False,True,False,True,,,,,,,,0,,,,,,,,,없음,없음,,,,False,,,,"충전구 절연 상태(항목 없음), 구동축전지 격리 상태(항목 없음), 고전원전기배선 상태(항목 없음)",0,성능기록부가 사진(이미지)으로만 등록된 매물입니다 — 페이지에서 읽어 낼 수 있는 항목이 없습니다,메르세데스벤츠,275,1,14.65,17.26,12.0,-0.0,-0.0,14.65,17.26,1.37,-0.0,45.27,-372.0,보통,True,"배터리 보증 여유 (6.9년 / 159,982km 남음, 기간(8년) 기준) ; 성능점검상 수리 부위 없음 ; 무사고 (보험이력 확인) ; 1인 소유",주행거리 계기상태 판정 불가 (성능기록부 표기 확인 필요),,,https://ci.encar.com/carpicture03/pic4263/42633346_,http://www.encar.com/dc/dc_cardetailview.do?carid=42633346
,eqe_suv_350,벤츠 EQE SUV,42565606,61부3901,9300,8679.9,620.1,-7.14,13300,30.1,2024,12,1.41,15189,10772,경기,EQE500 4MATIC,,6.59,144811,82.4,기간(8년),True,False,"내차 피해 1건 / 내차 수리비 200~500만원 (3,187,055원)",1,0,3187055,1,False,,,,,,,,,8624.0,8361.0,-939.0,-11.23,-1.86,504.0,고평가,적정가보다 비쌉니다,  ㄴ 위 기준 시세에 반영됨: EQE500 트림의 실측 시장 편차 · 배터리 파라시스=-494 ; 사고이력 내차 1건 / 타차 0건 · 수리비 319만원=-319,성능기록부가 사진뿐 — 수리 부위·고전원전기장치를 확인할 수 없음=-129 ; 자차보험 미가입 1구간 · 개인 소유 기간 (202601~202601) — 그 기간 사고는 보험기록에 없을 수 있음=-216 ; 사고는 있으나 수리 부위를 확인할 수 없음=-172,517.0,,,1817,,unverified,,,,EQE500,-494.0,파라시스,high,2024년 인천 청라 지하주차장 화재 차량 탑재 제조사. 국내 시장이 강하게 기피해 시세가 눌려 있다.,290,2,6.2,기회 — 노출 부족,하루 6회 조회(중앙값 14회)로 47일째입니다. 사람들이 본 뒤 지나친 게 아니라 아예 못 본 쪽에 가깝습니다.,배터리 파라시스 — 2024년 인천 청라 지하주차장 화재 차량 탑재 제조사. 국내 시장이 강하게 기피해 시세가 눌려 있다. 이 효과는 위 기준 시세의 트림 보정에 이미 반영돼 있습니다 (중복 차감하지 않음),,202601~202601,,2026-08-19T15:15:02,47,,2026-08-30,2026-10-04,9400,9400,-100,,202601~202601,False,0,False,,13300,일반,True,"기준 시세 (동일 연식 · 평균주행 21,150km)=8,624 ||   ㄴ 위 기준 시세에 반영됨: EQE500 트림의 실측 시장 편차 · 배터리 파라시스=-494 || 주행거리 적음 -0.6만km=+56 || 사고이력 내차 1건 / 타차 0건 · 수리비 319만원=-319 || = 적정가=8,361","사고는 있으나 수리 부위를 모릅니다 (점검자 코멘트에 부위 언급 없음) ; 고전원전기장치 판정 불가: 충전구 절연 상태(항목 없음), 구동축전지 격리 상태(항목 없음), 고전원전기배선 상태(항목 없음)",14.65,,,,,,,-0.0,,,,,,,,,"2025-09-28 내차 피해 보험금 2,231,000원 (부품 1,997,221원, 공임 1,189,834원)",검증됨 (내차 1건 / 타차 0건 일치),False,,2 | 2 | 1 | 1,1,0,flood_part_count,2025-05-08,최초등록일 2025-05-08,False,False,True,False,True,,,,,,,,0,,,,,,,,,,,,,,False,,,,"충전구 절연 상태(항목 없음), 구동축전지 격리 상태(항목 없음), 고전원전기배선 상태(항목 없음)",0,성능기록부가 사진(이미지)으로만 등록된 매물입니다 — 페이지에서 읽어 낼 수 있는 항목이 없습니다,메르세데스벤츠코리아,290,2,10.47,16.48,4.0,-0.0,-18.0,10.47,16.48,1.7,-18.0,14.65,-939.0,보통,True,"배터리 보증 여유 (6.6년 / 144,811km 남음, 기간(8년) 기준) ; 1인 소유","시세 대비 7.1% 비쌈 (예측 8,680만원) ; 사고이력: 내차 피해 1건 / 내차 수리비 200~500만원 (3,187,055원) ;   · 2025-09-28 내차 피해 보험금 2,231,000원 (부품 1,997,221원, 공임 1,189,834원) ; 주행거리 계기상태 판정 불가 (성능기록부 표기 확인 필요)",,,https://ci.encar.com/carpicture06/pic4256/42565606_,http://www.encar.com/dc/dc_cardetailview.do?carid=42565606
,eqe_suv_350,벤츠 EQE SUV,42652974,238도7100,10850,,,,,,2023,12,0.45,7999,15998,울산,EQE53 AMG 4MATIC+,,7.55,152001,94.4,기간(8년),True,True,무사고,0,0,0,0,False,,,,,,,,,,,,,,,,적정가 산출 불가,,,0.0,,,1752,,,,,,EQE53 AMG 4MATIC+,,,,,568,4,17.2,,,,,,,2026-09-02T09:14:55,33,,2026-09-02,2026-10-04,11000,11000,-150,,,False,0,False,,,일반,True,,신차가를 못 받아 적정가를 낼 수 없습니다 (잔존율 기준선은 신차가가 있어야 합니다),55.88,,,,,,,-0.0,,,,,,,,,,사고 상세 없음,False,,2 | 1,0,0,flood_part_count,2026-04-24,최초등록일 2026-04-24,False,False,True,False,True,,,,,,,,0,,,,,,,,,,,,,,False,,,,"충전구 절연 상태(항목 없음), 구동축전지 격리 상태(항목 없음), 고전원전기배선 상태(항목 없음)",0,성능기록부가 사진(이미지)으로만 등록된 매물입니다 — 페이지에서 읽어 낼 수 있는 항목이 없습니다,메르세데스벤츠코리아,568,4,20.0,18.88,12.0,-0.0,-0.0,20.0,18.88,5.0,-0.0,55.88,0,보통,True,"배터리 보증 여유 (7.5년 / 152,001km 남음, 기간(8년) 기준) ; 무사고 (보험이력 확인) ; 1인 소유",시세 비교 불가 (연식/주행거리 결측) ; 주행거리 계기상태 판정 불가 (성능기록부 표기 확인 필요),,,https://ci.encar.com/carpicture05/pic4265/42652974_,http://www.encar.com/dc/dc_cardetailview.do?carid=42652974
,ix_xdrive50,BMW iX,42823748,65어0204,6860,7552.7,-692.7,9.17,14440,52.5,2023,1,3.68,71664,19490,서울,xDrive50 스포츠 플러스,,4.32,88336,54.0,기간(8년),True,True,무사고,0,0,0,0,False,,오일누유 / 미세누유 / 누유 / 냉각수누수 / 미세누수 / 누수 / 동력조향 작동 오일 누유 / 브레이크 마스터 실린더오일 누유 / 브레이크 오일 누유,,타이어,,,,,7719.0,7553.0,693.0,9.17,1.27,547.0,일부 설명됨,저평가 693만원 중 193만원은 위 사유로 설명되고 500만원이 남습니다 — 남은 만큼은 확인할 값어치가 있습니다,과주행 +1.6만km=-166,자차보험 미가입 1구간 · 개인 소유 기간 (202302~202307) — 그 기간 사고는 보험기록에 없을 수 있음=-193,193.0,500.0,,1645,WBY21CF0XPCL97853,unverified,,,,XDRIVE50,,삼성SDI,low,국내 선호 제조사,34,1,11.3,,,,,202302~202307,,2026-10-02T14:53:19,3,,2026-10-02,2026-10-04,6860,,0,,202302~202307,False,0,True,리스·렌트 승계 매물 (리스),14440,리스,False,"기준 시세 (동일 연식 · 평균주행 55,200km)=7,719 || 과주행 +1.6만km=-166 || = 적정가=7,553","세부상태 판정 불가: 변속기(txt_state 에 on/active 가 없음 (판정 불가)), 연료누출(txt_state 에 on/active 가 없음 (판정 불가))",69.2,,,,,71656,-8,-0.0,False,False,,자기진단사항점검불가,"외장, 내장, 광택, 룸 클리링, 휠, 타이어, 유리",,,WBY21CF0XPCL97853,,사고 상세 없음,False,,2 | 1,0,0,flood_part_count,2023년 01월 31일,최초등록일 2023-01-31,False,False,True,True,True,,,0.0,,,,,5,양호,71656,양호,없음,없음,없음,해당없음,,없음,없음,2023년 01월 31일,2023년 01월 31일 ~ 2027년 01월 30일,성능 · 상태점검자,True,,"변속기(txt_state 에 on/active 가 없음 (판정 불가)), 연료누출(txt_state 에 on/active 가 없음 (판정 불가))",,,3,script 의 부위별 손상표에서 읽음 (init 의 data 가 null (수리 부위 없음)),BMW코리아보증,34,1,32.23,10.8,17.0,-0.0,-0.0,32.23,10.8,9.17,-0.0,69.2,693.0,보통,True,"시세 대비 9.2% 저평가 (예측 7,553만원) ; 무사고 (보험이력 확인) ; 엔카진단 매물 ; 1인 소유",,,,https://ci.encar.com/carpicture02/pic4282/42823748_,http://www.encar.com/dc/dc_cardetailview.do?carid=42823748
,ix_xdrive50,BMW iX,42704178,108무8105,11511,9325.7,2185.3,-23.43,12480,7.8,2026,3,0.53,3454,6536,인천,xDrive45 M 스포츠,,7.47,156546,93.4,기간(8년),True,True,무사고,0,0,0,0,False,,,,,,,,,9286.0,9047.0,-2464.0,-27.23,-5.21,473.0,고평가,적정가보다 비쌉니다,현재 리스·렌트 매물=-279,성능기록부가 사진뿐 — 수리 부위·고전원전기장치를 확인할 수 없음=-139,139.0,,,422,,unverified,,,,XDRIVE45,,,unknown,,188,1,7.5,,,,,,,2026-09-10T13:50:53,25,,2026-09-12,2026-10-04,11511,,0,,,False,0,True,리스·렌트 승계 매물 (리스),12480,리스,True,"기준 시세 (동일 연식 · 평균주행 7,950km)=9,286 || 주행거리 적음 -0.4만km=+39 || 현재 리스·렌트 매물=-279 || = 적정가=9,047","고전원전기장치 판정 불가: 충전구 절연 상태(항목 없음), 구동축전지 격리 상태(항목 없음), 고전원전기배선 상태(항목 없음)",20.68,,,,,,,-0.0,,,,,,,,,,사고 상세 없음,False,,2 | 1,0,0,flood_part_count,2026-03-26,최초등록일 2026-03-26,False,True,True,False,True,,,,,,,,0,,,,,,,,,,,,,,False,,,,"충전구 절연 상태(항목 없음), 구동축전지 격리 상태(항목 없음), 고전원전기배선 상태(항목 없음)",0,성능기록부가 사진(이미지)으로만 등록된 매물입니다 — 페이지에서 읽어 낼 수 있는 항목이 없습니다,BMW,188,1,0.0,18.68,12.0,-0.0,-10.0,0.0,18.68,0.0,-0.0,20.68,-2464.0,보통,True,"배터리 보증 여유 (7.5년 / 156,546km 남음, 기간(8년) 기준) ; 무사고 (보험이력 확인) ; 1인 소유","시세 대비 23.4% 비쌈 (예측 9,326만원) ; 신차가 대비 감가 8% 에 그침 ; 주행거리 계기상태 판정 불가 (성능기록부 표기 확인 필요) ; 렌트/영업용 이력",,,https://ci.encar.com/carpicture10/pic4270/42704178_,http://www.encar.com/dc/dc_cardetailview.do?carid=42704178
,ix_xdrive50,BMW iX,42802581,43라1294,6800,5976.7,823.3,-13.77,12260,44.5,2022,1,4.71,40025,8504,부산,xDrive40 퍼스트에디션,,3.29,119975,41.2,기간(8년),True,False,"내차 피해 2건 / 내차 수리비 500만원 초과 (6,208,390원)",2,0,6208390,0,False,,오일누유 / 미세누유 / 누유 / 냉각수누수 / 미세누수 / 누수 / 동력조향 작동 오일 누유 / 브레이크 마스터 실린더오일 누유 / 브레이크 오일 누유,,타이어,,,,,5714.0,5325.0,-1475.0,-27.7,-3.17,465.0,고평가,적정가보다 비쌉니다,"사고이력 내차 2건 / 타차 0건 · 수리비 621만원=-621 ; 배터리 보증 잔여 부족 (41% · 기준 50% · 남은 3.3년 / 119,975km · 기간(8년) 기준)=-31",사고는 있으나 수리 부위를 확인할 수 없음=-114,114.0,,,1,WBY11CF06NCJ01137,unverified,,,,XDRIVE40,,,unknown,BMW iX 라인은 xDrive50 · M60 이 삼성SDI 로 확인됐고 xDrive40 은 미공개입니다. 같은 플랫폼이라 삼성SDI 일 가능성이 높지만 확정 자료가 없어 추정하지 않습니다 — 헤이딜러 출고 기록에서 확인하세요.,6,0,0.9,,,,,,,2026-09-28T16:47:44,7,,2026-08-30,2026-10-04,6890,6490,-90,,,False,0,True,리스·렌트 승계 매물 (리스),12260,리스,False,"기준 시세 (동일 연식 · 평균주행 70,650km)=5,714 || 주행거리 적음 -3.1만km=+263 || 사고이력 내차 2건 / 타차 0건 · 수리비 621만원=-621 || 배터리 보증 잔여 부족 (41% · 기준 50% · 남은 3.3년 / 119,975km · 기간(8년) 기준)=-31 || = 적정가=5,325",사고는 있으나 수리 부위를 모릅니다 (점검자 코멘트에 부위 언급 없음),-12.63,,,,,40025,0,-0.0,False,True,"1, 이행","비금속(FRP 플라스틱)의 탈부착 가능 부품은 점검사항에서 제외되며 중고차 특성 상 부분적인 판금,도색 및 차량의 노후화에 따른 자연스러운 부식이 있을 수 있습니다. 기능상 영향없는 감각적 손해(소음/진동/냄새/외관/작동감각 등) 보증제외. / 조]휀다부분수리","외장, 내장, 광택, 룸 클리링, 휠, 타이어, 유리",,,WBY11CF06NCJ01137,"2026-06-22 내차 피해 보험금 1,998,000원 (공임 1,239,200원, 도장 1,047,000원) | 2024-03-28 내차 피해(부분) 보험금 5,358,690원 (부품 1,596,330원, 공임 984,000원, 도장 1,341,860원)",검증됨 (내차 2건 / 타차 0건 일치),False,,2 | 1,0,0,flood_part_count,2022년 01월 20일,최초등록일 2022-01-20,False,False,True,False,True,,,0.0,,,,,5,양호,40025,양호,없음,없음,없음,해당,이행,없음,없음,2022년 01월 20일,2026년 01월 20일 ~ 2028년 01월 19일,성능 · 상태점검자,True,,,,,3,script 의 부위별 손상표에서 읽음 (init 의 data 가 null (수리 부위 없음)),,6,0,1.63,8.24,4.0,-0.0,-33.0,1.63,8.24,6.5,-33.0,-12.63,-1475.0,보통,True,1인 소유,"시세 대비 13.8% 비쌈 (예측 5,977만원) ; 사고이력: 내차 피해 2건 / 내차 수리비 500만원 초과 (6,208,390원) ;   · 2026-06-22 내차 피해 보험금 1,998,000원 (공임 1,239,200원, 도장 1,047,000원) ;   · 2024-03-28 내차 피해(부분) 보험금 5,358,690원 (부품 1,596,330원, 공임 984,000원, 도장 1,341,860원)",,,https://ci.encar.com/carpicture10/pic4280/42802581_,http://www.encar.com/dc/dc_cardetailview.do?carid=42802581
,ix_xdrive50,BMW iX,42522325,48러2881,7620,9744.4,-2124.4,21.8,12680,39.9,2026,7,0.18,1125,2250,서울,xDrive45 M 스포츠,,7.82,158875,97.7,기간(8년),True,True,무사고,0,0,0,0,False,,,,,,,,,9730.0,9452.0,1832.0,19.39,3.81,481.0,일부 설명됨,"저평가 1,832만원 중 146만원은 위 사유로 설명되고 1,686만원이 남습니다 — 남은 만큼은 확인할 값어치가 있습니다",현재 리스·렌트 매물=-292,성능기록부가 사진뿐 — 수리 부위·고전원전기장치를 확인할 수 없음=-146,146.0,1686.0,,81,,unverified,,,,XDRIVE45,,,unknown,,8751,43,156.3,주의 — 많이 봤는데 안 팔림,"하루 156회 조회(중앙값 14회)로 56일째입니다. 많은 사람이 보고 지나쳤다는 뜻이라, 화면에 안 보이는 이유가 있을 수 있습니다. 실차 확인이 특히 중요합니다.",,,,,2026-08-10T18:43:46,56,,2026-08-30,2026-10-04,7620,,0,,,False,0,True,리스·렌트 승계 매물 (리스),12680,리스,True,"기준 시세 (동일 연식 · 평균주행 2,700km)=9,730 || 주행거리 적음 -0.2만km=+14 || 현재 리스·렌트 매물=-292 || = 적정가=9,452","고전원전기장치 판정 불가: 충전구 절연 상태(항목 없음), 구동축전지 격리 상태(항목 없음), 고전원전기배선 상태(항목 없음)",66.51,,,,,,,-0.0,,,,,,,,,,사고 상세 없음,False,,2 | 1,0,0,flood_part_count,2026-07-31,최초등록일 2026-07-31,False,True,True,False,True,,,,,,,,0,,,,,,,,,,,,,,False,,,,"충전구 절연 상태(항목 없음), 구동축전지 격리 상태(항목 없음), 고전원전기배선 상태(항목 없음)",0,성능기록부가 사진(이미지)으로만 등록된 매물입니다 — 페이지에서 읽어 낼 수 있는 항목이 없습니다,,8751,43,40.0,19.54,12.0,-0.0,-10.0,40.0,19.54,4.97,-0.0,66.51,1832.0,보통,True,"시세 대비 21.8% 저평가 (예측 9,744만원) ; 배터리 보증 여유 (7.8년 / 158,875km 남음, 기간(8년) 기준) ; 무사고 (보험이력 확인) ; 1인 소유",주행거리 계기상태 판정 불가 (성능기록부 표기 확인 필요) ; 렌트/영업용 이력,,,https://ci.encar.com/carpicture02/pic4252/42522325_,http://www.encar.com/dc/dc_cardetailview.do?carid=42522325
,ix_xdrive50,BMW iX,42138033,45가1847,7937,9425.2,-1488.2,15.79,12480,36.4,2026,5,0.42,865,1730,서울,xDrive45 M 스포츠,,7.58,159135,94.8,기간(8년),False,,확인 불가,,,,,,,,,,,,,,9378.0,8956.0,1019.0,11.38,2.16,473.0,일부 설명됨,"저평가 1,019만원 중 141만원은 위 사유로 설명되고 878만원이 남습니다 — 남은 만큼은 확인할 값어치가 있습니다",보험이력 미확인 (보수적 반영)=-188 ; 현재 리스·렌트 매물=-281,성능기록부가 사진뿐 — 수리 부위·고전원전기장치를 확인할 수 없음=-141,141.0,878.0,,434,,unverified,,,,XDRIVE45,,,unknown,,791,6,13.2,,,,,,,2026-08-06T09:41:33,60,,2026-08-30,2026-10-04,7937,,0,,,False,,True,리스·렌트 승계 매물 (리스),12480,리스,True,"기준 시세 (동일 연식 · 평균주행 6,300km)=9,378 || 주행거리 적음 -0.5만km=+47 || 보험이력 미확인 (보수적 반영)=-188 || 현재 리스·렌트 매물=-281 || = 적정가=8,956","보험이력을 확인하지 못했습니다 — 실제 사고이력이 있다면 적정가는 더 낮아집니다 ; 소유자 변경 횟수 정보없음 ; 과거 용도 이력 정보없음 ; 고전원전기장치 판정 불가: 충전구 절연 상태(항목 없음), 구동축전지 격리 상태(항목 없음), 고전원전기배선 상태(항목 없음)",49.76,,,,,,,-0.0,,,,,,,,,,사고 상세 없음,False,,,,,,,연식 2026.05 (최초등록일 응답에 없음),False,True,,False,True,,,,,,,,0,,,,,,,,,,,,,,False,,,,"충전구 절연 상태(항목 없음), 구동축전지 격리 상태(항목 없음), 고전원전기배선 상태(항목 없음)",0,성능기록부가 사진(이미지)으로만 등록된 매물입니다 — 페이지에서 읽어 낼 수 있는 항목이 없습니다,bmw코리아,791,6,40.0,18.96,0.0,-0.0,-13.0,40.0,18.96,3.8,-3.0,49.76,1019.0,보통,True,"시세 대비 15.8% 저평가 (예측 9,425만원) ; 배터리 보증 여유 (7.6년 / 159,135km 남음, 기간(8년) 기준)",보험이력을 확인하지 못했습니다 (응답에 없음) ; 주행거리 계기상태 판정 불가 (성능기록부 표기 확인 필요) ; 렌트/영업용 이력,,,https://ci.encar.com/carpicture03/pic4213/42138033_,http://www.encar.com/dc/dc_cardetailview.do?carid=42138033
,ix_xdrive50,BMW iX,42659141,205노3680,7352,9698.2,-2346.2,24.19,12680,42.0,2026,7,0.25,732,1464,인천,xDrive45 M 스포츠,,7.75,159268,96.9,기간(8년),False,,확인 불가,,,,,,,,,,,,,,9671.0,9215.0,1863.0,20.21,3.88,481.0,일부 설명됨,"저평가 1,863만원 중 145만원은 위 사유로 설명되고 1,718만원이 남습니다 — 남은 만큼은 확인할 값어치가 있습니다",보험이력 미확인 (보수적 반영)=-193 ; 현재 리스·렌트 매물=-290,성능기록부가 사진뿐 — 수리 부위·고전원전기장치를 확인할 수 없음=-145,145.0,1718.0,,506,,unverified,,,,XDRIVE45,,,unknown,,935,13,28.3,주의 — 많이 봤는데 안 팔림,"하루 28회 조회(중앙값 14회)로 33일째입니다. 많은 사람이 보고 지나쳤다는 뜻이라, 화면에 안 보이는 이유가 있을 수 있습니다. 실차 확인이 특히 중요합니다.",,,,,2026-09-02T16:16:19,33,,2026-09-02,2026-10-04,7352,,0,,,False,,True,리스·렌트 승계 매물 (리스),12680,리스,True,"기준 시세 (동일 연식 · 평균주행 3,750km)=9,671 || 주행거리 적음 -0.3만km=+27 || 보험이력 미확인 (보수적 반영)=-193 || 현재 리스·렌트 매물=-290 || = 적정가=9,215","보험이력을 확인하지 못했습니다 — 실제 사고이력이 있다면 적정가는 더 낮아집니다 ; 소유자 변경 횟수 정보없음 ; 과거 용도 이력 정보없음 ; 고전원전기장치 판정 불가: 충전구 절연 상태(항목 없음), 구동축전지 격리 상태(항목 없음), 고전원전기배선 상태(항목 없음)",52.05,,,,,,,-0.0,,,,,,,,,,사고 상세 없음,False,,,,,,,연식 2026.07 (최초등록일 응답에 없음),False,True,,False,True,,,,,,,,0,,,,,,,,,,,,,,False,,,,"충전구 절연 상태(항목 없음), 구동축전지 격리 상태(항목 없음), 고전원전기배선 상태(항목 없음)",0,성능기록부가 사진(이미지)으로만 등록된 매물입니다 — 페이지에서 읽어 낼 수 있는 항목이 없습니다,bmw코리아,935,13,40.0,19.38,0.0,-0.0,-13.0,40.0,19.38,5.67,-3.0,52.05,1863.0,보통,True,"시세 대비 24.2% 저평가 (예측 9,698만원) ; 배터리 보증 여유 (7.8년 / 159,268km 남음, 기간(8년) 기준)",보험이력을 확인하지 못했습니다 (응답에 없음) ; 주행거리 계기상태 판정 불가 (성능기록부 표기 확인 필요) ; 렌트/영업용 이력,,,https://ci.encar.com/carpicture05/pic4265/42659141_,http://www.encar.com/dc/dc_cardetailview.do?carid=42659141
,ix_xdrive50,BMW iX,42700295,19조6494,8000,8586.3,-586.3,6.83,14990,46.6,2023,10,2.95,59000,20027,경기,xDrive50 스포츠 플러스,,5.05,101000,63.1,주행(16만km),True,False,"내차 피해 1건 / 내차 수리비 50~200만원 (1,832,543원)",1,0,1832543,0,False,,,,,,0.0,,,8741.0,8403.0,403.0,4.8,0.71,568.0,일부 설명됨,저평가 403만원 중 306만원은 위 사유로 설명되고 97만원이 남습니다 — 남은 만큼은 확인할 값어치가 있습니다,과주행 +1.5만km=-155 ; 사고이력 내차 1건 / 타차 0건 · 수리비 183만원=-183,성능기록부가 사진뿐 — 수리 부위·고전원전기장치를 확인할 수 없음=-131 ; 사고는 있으나 수리 부위를 확인할 수 없음=-175,306.0,97.0,"에어서스펜션, 후륜조향",2077,,unverified,,,,XDRIVE50,,삼성SDI,low,국내 선호 제조사,27,0,1.0,,,,,,,2026-09-09T10:52:18,26,,2026-08-30,2026-10-04,9097,9097,-1097,,,False,0,True,리스·렌트 승계 매물 (리스),14990,리스,True,"기준 시세 (동일 연식 · 평균주행 44,250km)=8,741 || 과주행 +1.5만km=-155 || 사고이력 내차 1건 / 타차 0건 · 수리비 183만원=-183 || = 적정가=8,403","사고는 있으나 수리 부위를 모릅니다 (점검자 코멘트에 부위 언급 없음) ; 고전원전기장치 판정 불가: 충전구 절연 상태(항목 없음), 구동축전지 격리 상태(항목 없음), 고전원전기배선 상태(항목 없음)",42.92,,False,,,,,-0.0,,,,,,,,,"2025-05-24 내차 피해 보험금 1,612,600원 (부품 412,254원, 공임 705,000원, 도장 715,289원)",검증됨 (내차 1건 / 타차 0건 일치),False,,2 | 1,0,0,flood_part_count,2023-10-25,최초등록일 2023-10-25,False,False,True,False,True,,,,,,,,0,,,,,,,,,없음,없음,,,,False,,,,"충전구 절연 상태(항목 없음), 구동축전지 격리 상태(항목 없음), 고전원전기배선 상태(항목 없음)",0,성능기록부가 사진(이미지)으로만 등록된 매물입니다 — 페이지에서 읽어 낼 수 있는 항목이 없습니다,BMW 코리아,27,0,29.1,12.62,4.0,-0.0,-10.0,29.1,12.62,7.2,-10.0,42.92,403.0,보통,True,"시세 대비 6.8% 저평가 (예측 8,586만원) ; 배터리 보증 여유 (5.0년 / 101,000km 남음, 주행(16만km) 기준) ; 성능점검상 수리 부위 없음 ; 1인 소유","사고이력: 내차 피해 1건 / 내차 수리비 50~200만원 (1,832,543원) ;   · 2025-05-24 내차 피해 보험금 1,612,600원 (부품 412,254원, 공임 705,000원, 도장 715,289원) ; 주행거리 계기상태 판정 불가 (성능기록부 표기 확인 필요)",,,https://ci.encar.com/carpicture10/pic4270/42700295_,http://www.encar.com/dc/dc_cardetailview.do?carid=42700295
,ix_xdrive50,BMW iX,42739171,51루2945,7200,7208.3,-8.3,0.12,14440,50.1,2022,9,4.01,79327,19764,경기,xDrive50 스포츠 플러스,,3.99,80673,49.8,기간(8년),True,False,"내차 피해 1건 / 내차 수리비 500만원 초과 (8,797,754원)",1,0,8797754,0,False,,오일누유 / 미세누유 / 누유 / 냉각수누수 / 미세누수 / 누수 / 동력조향 작동 오일 누유 / 브레이크 마스터 실린더오일 누유 / 브레이크 오일 누유,,타이어,"트렁크리드 교환(X) — 외판 1랭크, 구조 영향 없음 (볼트 체결 부품, 법적으로 무사고 표기 가능)",2.0,외판1,X,7402.0,6329.0,-871.0,-13.77,-1.59,547.0,고평가,적정가보다 비쌉니다,과주행 +1.9만km=-194 ; 사고이력 내차 1건 / 타차 0건 · 수리비 880만원 · 외판 1랭크=-880,,0.0,,,3264,WBY21CF05NCK63491,unverified,,,,XDRIVE50,,삼성SDI,low,국내 선호 제조사,64,1,3.2,,,,,,,2026-09-15T15:28:45,20,,2026-09-18,2026-10-04,7200,,0,,,False,0,True,리스·렌트 승계 매물 (리스),14440,리스,False,"기준 시세 (동일 연식 · 평균주행 60,150km)=7,402 || 과주행 +1.9만km=-194 || 사고이력 내차 1건 / 타차 0건 · 수리비 880만원 · 외판 1랭크=-880 || 배터리 보증 잔여 부족 (50% · 기준 50% · 남은 4.0년 / 80,673km · 기간(8년) 기준)=-0 || = 적정가=6,329",,11.48,,,,,79327,0,-0.0,False,True,"1, 이행","중고차 특성상 부분적인 판금,도색이 있을 수 있습니다.(FRP 및 카본재질 판독불가 보증사항에서 제외됨)","외장, 내장, 광택, 룸 클리링, 휠, 타이어, 유리",,,WBY21CF05NCK63491,"2025-12-21 내차 피해 보험금 9,170,000원 (부품 6,936,242원, 공임 691,429원, 도장 1,170,083원)",검증됨 (내차 1건 / 타차 0건 일치),False,,2 | 1,0,0,flood_part_count,2022년 09월 30일,최초등록일 2022-09-30,False,False,True,False,True,성능기록부,"트렁크리드 교환(X) — 외판 1랭크, 구조 영향 없음 (볼트 체결 부품, 법적으로 무사고 표기 가능)",2.0,외판1,X,,,5,양호,79327,양호,없음,없음,없음,해당,이행,없음,있음,2022년 09월 30일,2022년 09월 30일 ~ 2026년 09월 29일,성능 · 상태점검자,False,,,,,3,script 의 부위별 손상표에서 읽음 (data (script #6)),도이치모터스,64,1,20.15,9.96,4.0,-0.0,-31.0,20.15,9.96,8.37,-31.0,11.48,-871.0,보통,True,1인 소유,"사고이력: 내차 피해 1건 / 내차 수리비 500만원 초과 (8,797,754원) ;   · 2025-12-21 내차 피해 보험금 9,170,000원 (부품 6,936,242원, 공임 691,429원, 도장 1,170,083원) ; 트렁크리드 교환(X) — 외판 1랭크, 구조 영향 없음 (볼트 체결 부품, 법적으로 무사고 표기 가능)",,,https://ci.encar.com/carpicture03/pic4273/42739171_,http://www.encar.com/dc/dc_cardetailview.do?carid=42739171
,ix_xdrive50,BMW iX,42775880,08어6189,9100,9234.0,-134.0,1.45,15200,40.1,2024,3,2.58,39042,15138,경기,xDrive50 스포츠 플러스,,5.42,120958,67.8,기간(8년),True,True,무사고,0,0,0,0,False,,오일누유 / 미세누유 / 누유 / 냉각수누수 / 미세누수 / 누수 / 동력조향 작동 오일 누유 / 브레이크 마스터 실린더오일 누유 / 브레이크 오일 누유,,타이어,,,,,9238.0,9234.0,134.0,1.45,0.23,576.0,설명되지 않는 저평가,134만원이 싼데 그럴 만한 사유를 찾지 못했습니다 — 직접 확인해 볼 매물입니다,과주행 +0.0만km=-4,,0.0,134.0,에어서스펜션,2817,WBY21CF02RCR33648,unverified,,,,XDRIVE50,,삼성SDI,low,국내 선호 제조사,10,0,0.7,,,,,,,2026-09-21T17:46:04,14,,2026-09-21,2026-10-04,9100,,0,,,False,0,True,리스·렌트 승계 매물 (리스),15200,리스,False,"기준 시세 (동일 연식 · 평균주행 38,700km)=9,238 || 과주행 +0.0만km=-4 || = 적정가=9,234",,52.53,,,,,39042,0,-0.0,False,False,,"중고차 특성상 부분적인 판금,도색이 있을 수 있습니다.(FRP 및 카본재질 판독불가 보증사항에서 제외됨)","외장, 내장, 광택, 룸 클리링, 휠, 타이어, 유리",,,WBY21CF02RCR33648,,사고 상세 없음,False,,2 | 1,0,0,flood_part_count,2024년 03월 07일,최초등록일 2024-03-07,False,False,True,False,True,,,0.0,,,,,5,양호,39042,양호,없음,없음,없음,해당없음,,없음,없음,2024년 03월 07일,2024년 03월 07일 ~ 2028년 03월 06일,성능 · 상태점검자,True,,,,,3,script 의 부위별 손상표에서 읽음 (init 의 data 가 null (수리 부위 없음)),BMW 도이치모터스,10,0,21.93,13.56,12.0,-0.0,-0.0,21.93,13.56,5.03,-0.0,52.53,134.0,보통,True,"배터리 보증 여유 (5.4년 / 120,958km 남음, 기간(8년) 기준) ; 무사고 (보험이력 확인) ; 1인 소유",,,,https://ci.encar.com/carpicture07/pic4277/42775880_,http://www.encar.com/dc/dc_cardetailview.do?carid=42775880
,ix_xdrive50,BMW iX,42240238,23로7209,7840,9590.0,-1750.0,18.25,12610,37.8,2026,6,0.33,524,1048,서울,xDrive45 M 스포츠,,7.67,159476,95.8,기간(8년),False,,확인 불가,,,,,,,,,,,,,,9551.0,9112.0,1272.0,13.96,2.66,478.0,일부 설명됨,"저평가 1,272만원 중 143만원은 위 사유로 설명되고 1,129만원이 남습니다 — 남은 만큼은 확인할 값어치가 있습니다",보험이력 미확인 (보수적 반영)=-191 ; 현재 리스·렌트 매물=-287,성능기록부가 사진뿐 — 수리 부위·고전원전기장치를 확인할 수 없음=-143,143.0,1129.0,,389,,unverified,,,,XDRIVE45,,,unknown,,573,3,14.3,,,,,,,2026-08-26T15:28:45,40,,2026-08-30,2026-10-04,8140,,-300,,,False,,True,리스·렌트 승계 매물 (리스),12610,리스,True,"기준 시세 (동일 연식 · 평균주행 4,950km)=9,551 || 주행거리 적음 -0.4만km=+39 || 보험이력 미확인 (보수적 반영)=-191 || 현재 리스·렌트 매물=-287 || = 적정가=9,112","보험이력을 확인하지 못했습니다 — 실제 사고이력이 있다면 적정가는 더 낮아집니다 ; 소유자 변경 횟수 정보없음 ; 과거 용도 이력 정보없음 ; 고전원전기장치 판정 불가: 충전구 절연 상태(항목 없음), 구동축전지 격리 상태(항목 없음), 고전원전기배선 상태(항목 없음)",50.43,,,,,,,-0.0,,,,,,,,,,사고 상세 없음,False,,,,,,,연식 2026.06 (최초등록일 응답에 없음),False,True,,False,True,,,,,,,,0,,,,,,,,,,,,,,False,,,,"충전구 절연 상태(항목 없음), 구동축전지 격리 상태(항목 없음), 고전원전기배선 상태(항목 없음)",0,성능기록부가 사진(이미지)으로만 등록된 매물입니다 — 페이지에서 읽어 낼 수 있는 항목이 없습니다,bmw코리아,573,3,40.0,19.16,0.0,-0.0,-13.0,40.0,19.16,4.27,-3.0,50.43,1272.0,보통,True,"시세 대비 18.2% 저평가 (예측 9,590만원) ; 배터리 보증 여유 (7.7년 / 159,476km 남음, 기간(8년) 기준)",보험이력을 확인하지 못했습니다 (응답에 없음) ; 주행거리 계기상태 판정 불가 (성능기록부 표기 확인 필요) ; 렌트/영업용 이력,,,https://ci.encar.com/carpicture04/pic4224/42240238_,http://www.encar.com/dc/dc_cardetailview.do?carid=42240238
,ix_xdrive50,BMW iX,42619732,02마6778,6800,5928.6,871.4,-14.7,12260,44.5,2022,1,4.73,44030,9317,경기,xDrive40 퍼스트에디션,,3.27,115970,40.9,기간(8년),True,True,무사고,0,0,0,0,False,,,,,,0.0,,,5698.0,5895.0,-905.0,-15.34,-1.95,465.0,고평가,적정가보다 비쌉니다,"배터리 보증 잔여 부족 (41% · 기준 50% · 남은 3.3년 / 115,970km · 기간(8년) 기준)=-33",성능기록부가 사진뿐 — 수리 부위·고전원전기장치를 확인할 수 없음=-85,85.0,,,2455,,unverified,,,,XDRIVE40,,,unknown,BMW iX 라인은 xDrive50 · M60 이 삼성SDI 로 확인됐고 xDrive40 은 미공개입니다. 같은 플랫폼이라 삼성SDI 일 가능성이 높지만 확정 자료가 없어 추정하지 않습니다 — 헤이딜러 출고 기록에서 확인하세요.,595,7,45.8,,,,,,,2026-09-22T09:59:51,13,,2026-08-30,2026-10-04,6800,,0,,,False,0,True,리스·렌트 승계 매물 (리스),12260,리스,True,"기준 시세 (동일 연식 · 평균주행 70,950km)=5,698 || 주행거리 적음 -2.7만km=+231 || 배터리 보증 잔여 부족 (41% · 기준 50% · 남은 3.3년 / 115,970km · 기간(8년) 기준)=-33 || = 적정가=5,895","고전원전기장치 판정 불가: 충전구 절연 상태(항목 없음), 구동축전지 격리 상태(항목 없음), 고전원전기배선 상태(항목 없음)",27.08,,False,,,,,-0.0,,,,,,,,,,사고 상세 없음,False,,2 | 1,0,0,flood_part_count,2022-01-13,최초등록일 2022-01-13,False,False,True,False,True,,,,,,,,0,,,,,,,,,없음,없음,,,,False,,,,"충전구 절연 상태(항목 없음), 구동축전지 격리 상태(항목 없음), 고전원전기배선 상태(항목 없음)",0,성능기록부가 사진(이미지)으로만 등록된 매물입니다 — 페이지에서 읽어 낼 수 있는 항목이 없습니다,BMW바바리안모터스,595,7,0.4,8.18,12.0,-0.0,-0.0,0.4,8.18,6.5,-0.0,27.08,-905.0,보통,True,성능점검상 수리 부위 없음 ; 무사고 (보험이력 확인) ; 1인 소유,"시세 대비 14.7% 비쌈 (예측 5,929만원) ; 주행거리 계기상태 판정 불가 (성능기록부 표기 확인 필요)",,,https://ci.encar.com/carpicture01/pic4261/42619732_,http://www.encar.com/dc/dc_cardetailview.do?carid=42619732
,ix_xdrive50,BMW iX,42803091,55로5383,8000,8562.3,-562.3,6.57,14990,46.6,2023,9,3.02,55680,18421,경기,xDrive50 스포츠 플러스,,4.98,104320,62.2,기간(8년),True,False,"내차 피해 1건 / 내차 수리비 200~500만원 (4,365,778원)",1,0,4365778,0,False,,오일누유 / 미세누유 / 누유 / 냉각수누수 / 미세누수 / 누수 / 동력조향 작동 오일 누유 / 브레이크 마스터 실린더오일 누유 / 브레이크 오일 누유,"비금속(FRP 플라스틱)의 탈부착 가능 부품은 점검사항에서 제외되며 중고차 특성 상 부분적인 판금,도색 및 차량의 노후화에 따른 자연스러운 부식이 있을 수 있습니다. 조수석 쿼터패널 보수도장",타이어,,,,,8671.0,8126.0,126.0,1.55,0.22,568.0,할인 이유 충분,저평가 126만원이 위 사유 173만원으로 설명됩니다 — 진짜 저평가로 보기 어렵습니다,과주행 +1.0만km=-109 ; 사고이력 내차 1건 / 타차 0건 · 수리비 437만원=-437,사고는 있으나 수리 부위를 확인할 수 없음=-173,173.0,-47.0,,1891,WBY21CF04PCN04850,unverified,,,,XDRIVE50,,삼성SDI,low,국내 선호 제조사,14,0,2.0,,,,,,,2026-09-28T17:37:04,7,,2026-09-28,2026-10-04,8000,,0,,,False,0,True,리스·렌트 승계 매물 (리스),14990,리스,False,"기준 시세 (동일 연식 · 평균주행 45,300km)=8,671 || 과주행 +1.0만km=-109 || 사고이력 내차 1건 / 타차 0건 · 수리비 437만원=-437 || = 적정가=8,126",사고는 있으나 수리 부위를 모릅니다 (점검자 코멘트에 부위 언급 없음),34.4,,,,,55680,0,-0.0,False,False,,"비금속(FRP 플라스틱)의 탈부착 가능 부품은 점검사항에서 제외되며 중고차 특성 상 부분적인 판금,도색 및 차량의 노후화에 따른 자연스러운 부식이 있을 수 있습니다. 조수석 쿼터패널 보수도장","외장, 내장, 광택, 룸 클리링, 휠, 타이어, 유리",,,WBY21CF04PCN04850,"2023-11-05 내차 피해 보험금 5,322,300원 (부품 3,033,000원, 공임 240,890원, 도장 1,091,888원)",검증됨 (내차 1건 / 타차 0건 일치),False,,2 | 1,0,0,flood_part_count,2023년 09월 27일,최초등록일 2023-09-27,False,False,True,False,True,,,0.0,,,,,5,양호,55680,양호,없음,없음,없음,해당없음,,없음,없음,2023년 09월 27일,2023년 09월 27일 ~ 2027년 09월 26일,성능 · 상태점검자,True,,,,,3,script 의 부위별 손상표에서 읽음 (init 의 data 가 null (수리 부위 없음)),BMW KOREA 서비스센터,14,0,28.76,12.44,4.0,-0.0,-18.0,28.76,12.44,7.2,-18.0,34.4,126.0,보통,True,"시세 대비 6.6% 저평가 (예측 8,562만원) ; 배터리 보증 여유 (5.0년 / 104,320km 남음, 기간(8년) 기준) ; 1인 소유","사고이력: 내차 피해 1건 / 내차 수리비 200~500만원 (4,365,778원) ;   · 2023-11-05 내차 피해 보험금 5,322,300원 (부품 3,033,000원, 공임 240,890원, 도장 1,091,888원)",,,https://ci.encar.com/carpicture10/pic4280/42803091_,http://www.encar.com/dc/dc_cardetailview.do?carid=42803091
,ix_xdrive50,BMW iX,42713723,238도7128,12000,,,,,,2025,6,1.28,10041,7819,인천,xDrive60 M 스포츠 프로,,6.72,149959,83.9,기간(8년),True,False,"내차 피해 1건 / 내차 수리비 50~200만원 (1,644,000원)",1,0,1644000,0,False,,,,,,0.0,,,,,,,,,,적정가 산출 불가,,,0.0,,,1793,,,,,,XDRIVE60,,,,,76,0,3.0,,,,,,,2026-09-10T16:33:25,25,,2026-08-30,2026-10-04,12000,,0,,202506~202507,False,0,True,리스·렌트 승계 매물 (리스),,리스,True,,신차가를 못 받아 적정가를 낼 수 없습니다 (잔존율 기준선은 신차가가 있어야 합니다),35.78,,False,,,,,-0.0,,,,,,,,,"2026-05-26 내차 피해 보험금 1,644,000원",검증됨 (내차 1건 / 타차 0건 일치),False,,2 | 1,0,0,flood_part_count,2025-06-23,최초등록일 2025-06-23,False,False,True,False,True,,,,,,,,0,,,,,,,,,없음,없음,,,,False,,,,"충전구 절연 상태(항목 없음), 구동축전지 격리 상태(항목 없음), 고전원전기배선 상태(항목 없음)",0,성능기록부가 사진(이미지)으로만 등록된 매물입니다 — 페이지에서 읽어 낼 수 있는 항목이 없습니다,BMW 공식서비스센터,76,0,20.0,16.78,4.0,-0.0,-10.0,20.0,16.78,5.0,-10.0,35.78,0,보통,True,"배터리 보증 여유 (6.7년 / 149,959km 남음, 기간(8년) 기준) ; 성능점검상 수리 부위 없음 ; 1인 소유","시세 비교 불가 (연식/주행거리 결측) ; 사고이력: 내차 피해 1건 / 내차 수리비 50~200만원 (1,644,000원) ;   · 2026-05-26 내차 피해 보험금 1,644,000원 ; 주행거리 계기상태 판정 불가 (성능기록부 표기 확인 필요)",,,https://ci.encar.com/carpicture01/pic4271/42713723_,http://www.encar.com/dc/dc_cardetailview.do?carid=42713723
,ix_xdrive50,BMW iX,42704571,06거4774,7599,8484.8,-885.8,10.44,14990,49.3,2023,10,2.93,70272,23965,경기,xDrive50 스포츠 플러스,,5.07,89728,56.1,주행(16만km),True,False,"내차 피해 1건 / 내차 수리비 200~500만원 (3,264,728원)",1,0,3264728,1,False,,오일누유 / 미세누유 / 누유 / 냉각수누수 / 미세누수 / 누수 / 동력조향 작동 오일 누유 / 브레이크 마스터 실린더오일 누유 / 브레이크 오일 누유,,타이어,"프론트펜더(우) 판금/용접(W) — 외판 1랭크, 구조 영향 없음 (볼트 체결 부품, 법적으로 무사고 표기 가능)",1.5,외판1,W,8761.0,7895.0,296.0,3.75,0.52,568.0,설명되지 않는 저평가,296만원이 싼데 그럴 만한 사유를 찾지 못했습니다 — 직접 확인해 볼 매물입니다,과주행 +2.6만km=-276 ; 사고이력 내차 1건 / 타차 0건 · 수리비 326만원 · 외판 1랭크=-326 ; 현재 리스·렌트 매물=-263,,0.0,296.0,,1639,WBY21CF09PCN48889,unverified,,,,XDRIVE50,,삼성SDI,low,국내 선호 제조사,871,8,34.8,,,,,,,2026-09-10T10:41:34,25,,2026-09-12,2026-10-04,7699,7699,-100,,,False,1,True,리스·렌트 승계 매물 (일반),14990,일반,False,"기준 시세 (동일 연식 · 평균주행 43,950km)=8,761 || 과주행 +2.6만km=-276 || 사고이력 내차 1건 / 타차 0건 · 수리비 326만원 · 외판 1랭크=-326 || 현재 리스·렌트 매물=-263 || = 적정가=7,895","세부상태 판정 불가: 변속기(txt_state 에 on/active 가 없음 (판정 불가)), 연료누출(txt_state 에 on/active 가 없음 (판정 불가))",32.74,,,,,70259,-13,-0.0,False,True,"2, 미이행","비금속재질(FRP)/크로스멤버(볼트체결식) 보증제외. 도장흔적은 판금,용접으로 표기치 않음. 정비이력 있음. ","외장, 내장, 광택, 룸 클리링, 휠, 타이어, 유리","1, 렌트",,WBY21CF09PCN48889,"2025-10-14 내차 피해(부분) 보험금 4,989,630원 (부품 2,220,530원, 공임 437,035원, 도장 607,163원)",검증됨 (내차 1건 / 타차 0건 일치),False,,3 | 2 | 1 | 1,1,0,flood_part_count,2023년 10월 30일,최초등록일 2023-10-30,False,True,True,True,True,성능기록부,"프론트펜더(우) 판금/용접(W) — 외판 1랭크, 구조 영향 없음 (볼트 체결 부품, 법적으로 무사고 표기 가능)",1.5,외판1,W,,,5,양호,70259,양호,없음,없음,있음,해당,미이행,없음,있음,2023년 10월 30일,2025년 10월 30일 ~ 2026년 10월 29일,성능 · 상태점검자,False,,"변속기(txt_state 에 on/active 가 없음 (판정 불가)), 연료누출(txt_state 에 on/active 가 없음 (판정 불가))",,,3,script 의 부위별 손상표에서 읽음 (data (script #6)),중고차성능보증,871,8,33.92,11.22,9.0,-0.0,-29.5,33.92,11.22,8.1,-19.5,32.74,296.0,보통,True,"시세 대비 10.4% 저평가 (예측 8,485만원) ; 배터리 보증 여유 (5.1년 / 89,728km 남음, 주행(16만km) 기준) ; 엔카진단 매물 ; 1인 소유","사고이력: 내차 피해 1건 / 내차 수리비 200~500만원 (3,264,728원) ;   · 2025-10-14 내차 피해(부분) 보험금 4,989,630원 (부품 2,220,530원, 공임 437,035원, 도장 607,163원) ; 프론트펜더(우) 판금/용접(W) — 외판 1랭크, 구조 영향 없음 (볼트 체결 부품, 법적으로 무사고 표기 가능) ; 렌트/영업용 이력",,,https://ci.encar.com/carpicture10/pic4270/42704571_,http://www.encar.com/dc/dc_cardetailview.do?carid=42704571
,ix_xdrive50,BMW iX,42497731,15보4847,7655,9535.4,-1880.4,19.72,12710,39.8,2026,4,0.47,4000,8000,대구,xDrive45 M 스포츠 퍼스트 에디션,,7.53,156000,94.1,기간(8년),True,True,무사고,0,0,0,0,False,,,,,,,,,9508.0,9535.0,1880.0,19.72,3.9,482.0,일부 설명됨,"저평가 1,880만원 중 143만원은 위 사유로 설명되고 1,737만원이 남습니다 — 남은 만큼은 확인할 값어치가 있습니다",,성능기록부가 사진뿐 — 수리 부위·고전원전기장치를 확인할 수 없음=-143,143.0,1737.0,,184,,unverified,,,,XDRIVE45,,,unknown,,1583,6,26.4,주의 — 많이 봤는데 안 팔림,"하루 26회 조회(중앙값 14회)로 60일째입니다. 많은 사람이 보고 지나쳤다는 뜻이라, 화면에 안 보이는 이유가 있을 수 있습니다. 실차 확인이 특히 중요합니다. 조회 1,583회에 찜 6개(비율 0.38%, 중앙값 0.76%) — 보고 나서 관심을 접은 사람이 많다는 신호입니다.",,,,,2026-08-06T03:36:02,60,,2026-08-30,2026-10-04,7655,,0,,,False,0,True,리스·렌트 승계 매물 (리스),12710,리스,True,"기준 시세 (동일 연식 · 평균주행 7,050km)=9,508 || 주행거리 적음 -0.3만km=+27 || = 적정가=9,535","고전원전기장치 판정 불가: 충전구 절연 상태(항목 없음), 구동축전지 격리 상태(항목 없음), 고전원전기배선 상태(항목 없음)",75.75,,,,,,,-0.0,,,,,,,,,,사고 상세 없음,False,,2 | 1,0,0,flood_part_count,2026-04-17,최초등록일 2026-04-17,False,False,True,False,True,,,,,,,,0,,,,,,,,,,,,,,False,,,,"충전구 절연 상태(항목 없음), 구동축전지 격리 상태(항목 없음), 고전원전기배선 상태(항목 없음)",0,성능기록부가 사진(이미지)으로만 등록된 매물입니다 — 페이지에서 읽어 낼 수 있는 항목이 없습니다,,1583,6,40.0,18.82,12.0,-0.0,-0.0,40.0,18.82,4.93,-0.0,75.75,1880.0,보통,True,"시세 대비 19.7% 저평가 (예측 9,535만원) ; 배터리 보증 여유 (7.5년 / 156,000km 남음, 기간(8년) 기준) ; 무사고 (보험이력 확인) ; 1인 소유",주행거리 계기상태 판정 불가 (성능기록부 표기 확인 필요),,,https://ci.encar.com/carpicture09/pic4249/42497731_,http://www.encar.com/dc/dc_cardetailview.do?carid=42497731
,ix_xdrive50,BMW iX,42737967,06고8222,17235,13986.7,3248.3,-23.22,18090,4.7,2026,8,0.1,833,1666,서울,xDrive M70,,7.9,159167,98.8,기간(8년),True,True,무사고,0,0,0,0,False,,,,,,,,,13978.0,13987.0,-3248.0,-23.22,-4.74,686.0,고평가,적정가보다 비쌉니다,,성능기록부가 사진뿐 — 수리 부위·고전원전기장치를 확인할 수 없음=-210,210.0,,,687,,unverified,,,,XDRIVEM70,,삼성SDI,low,국내 선호 제조사,267,1,13.3,주의 — 보고 실망,"조회 267회에 찜 1개(비율 0.37%, 중앙값 0.76%) — 보고 나서 관심을 접은 사람이 많다는 신호입니다.",,,,,2026-09-15T14:24:58,20,,2026-09-18,2026-10-04,17235,,0,,,False,0,True,리스·렌트 승계 매물 (리스),18090,리스,True,"기준 시세 (동일 연식 · 평균주행 1,500km)=13,978 || 주행거리 적음 -0.1만km=+8 || = 적정가=13,987","고전원전기장치 판정 불가: 충전구 절연 상태(항목 없음), 구동축전지 격리 상태(항목 없음), 고전원전기배선 상태(항목 없음)",31.76,,,,,,,-0.0,,,,,,,,,,사고 상세 없음,False,,2 | 1,0,0,flood_part_count,2026-08-31,최초등록일 2026-08-31,False,False,True,False,True,,,,,,,,0,,,,,,,,,,,,,,False,,,,"충전구 절연 상태(항목 없음), 구동축전지 격리 상태(항목 없음), 고전원전기배선 상태(항목 없음)",0,성능기록부가 사진(이미지)으로만 등록된 매물입니다 — 페이지에서 읽어 낼 수 있는 항목이 없습니다,가능,267,1,0.0,19.76,12.0,-0.0,-0.0,0.0,19.76,0.0,-0.0,31.76,-3248.0,보통,True,"배터리 보증 여유 (7.9년 / 159,167km 남음, 기간(8년) 기준) ; 무사고 (보험이력 확인) ; 1인 소유","시세 대비 23.2% 비쌈 (예측 13,987만원) ; 신차가 대비 감가 5% 에 그침 ; 주행거리 계기상태 판정 불가 (성능기록부 표기 확인 필요)",,,https://ci.encar.com/carpicture03/pic4273/42737967_,http://www.encar.com/dc/dc_cardetailview.do?carid=42737967
,ix_xdrive50,BMW iX,42669872,257무7768,10500,10315.3,184.7,-1.79,16390,35.9,2024,5,2.36,25415,10781,광주,xDrive M60,,5.64,134585,70.5,기간(8년),True,True,무사고,0,0,0,0,False,,오일누유 / 미세누유 / 누유 / 냉각수누수 / 미세누수 / 누수 / 동력조향 작동 오일 누유 / 브레이크 마스터 실린더오일 누유 / 브레이크 오일 누유,,타이어,,,,,10201.0,10315.0,-185.0,-1.79,-0.3,621.0,고평가,적정가보다 비쌉니다,,자차보험 미가입 1구간 · 개인 소유 기간 (202501~202505) — 그 기간 사고는 보험기록에 없을 수 있음=-255,255.0,,,1866,WBY31CF02RCR06163,unverified,,,,XDRIVEM60,,삼성SDI,low,국내 선호 제조사,1904,9,158.7,,,,,202501~202505,,2026-09-23T10:59:09,12,,2026-09-04,2026-10-04,10700,10600,-200,,202501~202505,False,0,True,리스·렌트 승계 매물 (리스),16390,리스,False,"기준 시세 (동일 연식 · 평균주행 35,400km)=10,201 || 주행거리 적음 -1.0만km=+115 || = 적정가=10,315",,47.35,,,,,25415,0,-0.0,False,False,,,"외장, 내장, 광택, 룸 클리링, 휠, 타이어, 유리",,,WBY31CF02RCR06163,,사고 상세 없음,False,,2 | 1,0,0,flood_part_count,2024년 05월 27일,최초등록일 2024-05-27,False,False,True,False,True,,,0.0,,,,,5,양호,25415,양호,없음,없음,없음,해당없음,,없음,없음,2024년 05월 27일,2024년 05월 27일 ~ 2028년 05월 26일,성능 · 상태점검자,True,,,,,3,script 의 부위별 손상표에서 읽음 (init 의 data 가 null (수리 부위 없음)),BMW KOREA,1904,9,17.61,14.1,12.0,-0.0,-0.0,17.61,14.1,3.63,-0.0,47.35,-185.0,보통,True,"배터리 보증 여유 (5.6년 / 134,585km 남음, 기간(8년) 기준) ; 무사고 (보험이력 확인) ; 1인 소유",,,,https://ci.encar.com/carpicture06/pic4266/42669872_,http://www.encar.com/dc/dc_cardetailview.do?carid=42669872
,ix_xdrive50,BMW iX,42706772,29보1350,3250,8460.8,-5210.8,61.59,14990,78.3,2023,10,2.93,72550,24765,경기,xDrive50 스포츠 플러스,,5.07,87450,54.7,주행(16만km),True,True,무사고,0,0,0,0,False,,,,,,,,,8761.0,8461.0,5211.0,61.59,9.17,568.0,일부 설명됨,"저평가 5,211만원 중 131만원은 위 사유로 설명되고 5,080만원이 남습니다 — 남은 만큼은 확인할 값어치가 있습니다",과주행 +2.9만km=-300,성능기록부가 사진뿐 — 수리 부위·고전원전기장치를 확인할 수 없음=-131,131.0,5080.0,,780,,unverified,,,,XDRIVE50,,삼성SDI,low,국내 선호 제조사,17,0,0.7,,,,,,,2026-09-09T20:36:52,26,,2026-09-10,2026-10-04,3250,,0,,,False,0,True,리스·렌트 승계 매물 (리스),14990,리스,True,"기준 시세 (동일 연식 · 평균주행 43,950km)=8,761 || 과주행 +2.9만km=-300 || = 적정가=8,461","고전원전기장치 판정 불가: 충전구 절연 상태(항목 없음), 구동축전지 격리 상태(항목 없음), 고전원전기배선 상태(항목 없음)",72.94,,,,,,,-0.0,,,,,,,,,,사고 상세 없음,False,,2 | 1,0,0,flood_part_count,2023-10-31,최초등록일 2023-10-31,False,False,True,False,True,,,,,,,,0,,,,,,,,,,,,,,False,,,,"충전구 절연 상태(항목 없음), 구동축전지 격리 상태(항목 없음), 고전원전기배선 상태(항목 없음)",0,성능기록부가 사진(이미지)으로만 등록된 매물입니다 — 페이지에서 읽어 낼 수 있는 항목이 없습니다,,17,0,40.0,10.94,12.0,-0.0,-0.0,40.0,10.94,10.0,-0.0,72.94,5211.0,보통,True,"시세 대비 61.6% 저평가 (예측 8,461만원) ; 신차가 대비 78% 감가 (진입가 낮음) ; 무사고 (보험이력 확인) ; 1인 소유",주행거리 계기상태 판정 불가 (성능기록부 표기 확인 필요),,,https://ci.encar.com/carpicture10/pic4270/42706772_,http://www.encar.com/dc/dc_cardetailview.do?carid=42706772
,ix_xdrive50,BMW iX,42735685,35버0686,10284,9714.6,569.4,-5.86,15200,32.3,2024,8,2.12,30684,14461,경기,xDrive50 스포츠 플러스,,5.88,129316,73.5,기간(8년),True,False,"내차 피해 1건 / 내차 수리비 50~200만원 (1,399,138원)",1,0,1399138,0,False,,,,,,,,,9703.0,9575.0,-709.0,-7.41,-1.23,576.0,고평가,적정가보다 비쌉니다,사고이력 내차 1건 / 타차 0건 · 수리비 140만원=-140,성능기록부가 사진뿐 — 수리 부위·고전원전기장치를 확인할 수 없음=-146 ; 사고는 있으나 수리 부위를 확인할 수 없음=-194,340.0,,"에어서스펜션, 후륜조향",1382,,unverified,,,,XDRIVE50,,삼성SDI,low,국내 선호 제조사,121,1,6.0,,,,,,,2026-09-15T13:12:31,20,,2026-09-18,2026-10-04,10284,,0,,,False,0,True,리스·렌트 승계 매물 (리스),15200,리스,True,"기준 시세 (동일 연식 · 평균주행 31,800km)=9,703 || 주행거리 적음 -0.1만km=+12 || 사고이력 내차 1건 / 타차 0건 · 수리비 140만원=-140 || = 적정가=9,575","사고는 있으나 수리 부위를 모릅니다 (점검자 코멘트에 부위 언급 없음) ; 고전원전기장치 판정 불가: 충전구 절연 상태(항목 없음), 구동축전지 격리 상태(항목 없음), 고전원전기배선 상태(항목 없음)",23.32,,,,,,,-0.0,,,,,,,,,"2025-11-02 내차 피해(부분) 보험금 1,220,000원 (부품 1,346,400원, 공임 52,738원)",검증됨 (내차 1건 / 타차 0건 일치),False,,2 | 1,0,0,flood_part_count,2024-08-21,최초등록일 2024-08-21,False,False,True,False,True,,,,,,,,0,,,,,,,,,,,,,,False,,,,"충전구 절연 상태(항목 없음), 구동축전지 격리 상태(항목 없음), 고전원전기배선 상태(항목 없음)",0,성능기록부가 사진(이미지)으로만 등록된 매물입니다 — 페이지에서 읽어 낼 수 있는 항목이 없습니다,비엠더블유코리아,121,1,12.18,14.7,4.0,-0.0,-10.0,12.18,14.7,2.43,-10.0,23.32,-709.0,보통,True,"배터리 보증 여유 (5.9년 / 129,316km 남음, 기간(8년) 기준) ; 1인 소유","시세 대비 5.9% 비쌈 (예측 9,715만원) ; 사고이력: 내차 피해 1건 / 내차 수리비 50~200만원 (1,399,138원) ;   · 2025-11-02 내차 피해(부분) 보험금 1,220,000원 (부품 1,346,400원, 공임 52,738원) ; 주행거리 계기상태 판정 불가 (성능기록부 표기 확인 필요)",,,https://ci.encar.com/carpicture03/pic4273/42735685_,http://www.encar.com/dc/dc_cardetailview.do?carid=42735685
,ix_xdrive50,BMW iX,42818937,01더1155,9550,9758.1,-208.1,2.13,15200,37.2,2024,8,2.14,25000,11706,인천,xDrive50 스포츠 플러스,,5.86,135000,73.3,기간(8년),True,True,무사고,0,0,0,4,False,,오일누유 / 미세누유 / 누유 / 냉각수누수 / 미세누수 / 누수 / 동력조향 작동 오일 누유 / 브레이크 마스터 실린더오일 누유 / 브레이크 오일 누유,,타이어,,,,,9683.0,9177.0,-373.0,-4.06,-0.65,576.0,고평가,적정가보다 비쌉니다,소유자 변경 4회=-290 ; 현재 리스·렌트 매물=-290,자차보험 미가입 1구간 · 개인 소유 기간 (202408~202503) — 그 기간 사고는 보험기록에 없을 수 있음=-242,242.0,,"에어서스펜션, 후륜조향",2045,WBY21CF06RCS43921,unverified,,,,XDRIVE50,,삼성SDI,low,국내 선호 제조사,35,0,7.0,,,,,202408~202503,,2026-09-30T16:19:17,5,,2026-10-01,2026-10-04,9550,,0,,202408~202503,False,0,True,리스·렌트 승계 매물 (리스),15200,리스,False,"기준 시세 (동일 연식 · 평균주행 32,100km)=9,683 || 주행거리 적음 -0.7만km=+76 || 소유자 변경 4회=-290 || 현재 리스·렌트 매물=-290 || = 적정가=9,177",,39.57,,,,,24959,-41,-0.0,False,False,,바바리안모터스 계양 이순규,"외장, 내장, 광택, 룸 클리링, 휠, 타이어, 유리",,,WBY21CF06RCS43921,,사고 상세 없음,False,,2 | 1,0,0,flood_part_count,2024년 08월 16일,최초등록일 2024-08-16,False,True,False,False,True,,,0.0,,,,,5,양호,24959,양호,없음,없음,없음,해당없음,,없음,없음,2024년 08월 16일,2024년 08월 16일 ~ 2028년 08월 15일,성능 · 상태점검자,True,,,,,3,script 의 부위별 손상표에서 읽음 (init 의 data 가 null (수리 부위 없음)),바바리안모터스,35,0,22.84,14.66,8.0,-0.0,-10.0,22.84,14.66,4.07,-0.0,39.57,-373.0,보통,True,"배터리 보증 여유 (5.9년 / 135,000km 남음, 기간(8년) 기준) ; 무사고 (보험이력 확인)",렌트/영업용 이력,,,https://ci.encar.com/carpicture01/pic4281/42818937_,http://www.encar.com/dc/dc_cardetailview.do?carid=42818937
,ix_xdrive50,BMW iX,42429899,05오6654,8494,8747.9,-253.9,2.9,14990,43.3,2023,10,2.97,42000,14151,경기,xDrive50 스포츠 플러스,,5.03,118000,62.9,기간(8년),True,True,무사고,0,0,0,0,False,,,,,,,,,8721.0,8748.0,254.0,2.9,0.45,568.0,일부 설명됨,저평가 254만원 중 131만원은 위 사유로 설명되고 123만원이 남습니다 — 남은 만큼은 확인할 값어치가 있습니다,,성능기록부가 사진뿐 — 수리 부위·고전원전기장치를 확인할 수 없음=-131,131.0,123.0,,1171,,unverified,,,,XDRIVE50,,삼성SDI,low,국내 선호 제조사,6,1,0.6,,,,,,,2026-09-25T16:21:03,10,,2026-08-30,2026-10-04,8494,,0,,,False,0,True,리스·렌트 승계 매물 (리스),14990,리스,True,"기준 시세 (동일 연식 · 평균주행 44,550km)=8,721 || 주행거리 적음 -0.3만km=+27 || = 적정가=8,748","고전원전기장치 판정 불가: 충전구 절연 상태(항목 없음), 구동축전지 격리 상태(항목 없음), 고전원전기배선 상태(항목 없음)",54.55,,,,,,,-0.0,,,,,,,,,,사고 상세 없음,False,,2 | 1,0,0,flood_part_count,2023-10-17,최초등록일 2023-10-17,False,False,True,False,True,,,,,,,,0,,,,,,,,,,,,,,False,,,,"충전구 절연 상태(항목 없음), 구동축전지 격리 상태(항목 없음), 고전원전기배선 상태(항목 없음)",0,성능기록부가 사진(이미지)으로만 등록된 매물입니다 — 페이지에서 읽어 낼 수 있는 항목이 없습니다,,6,1,23.87,12.58,12.0,-0.0,-0.0,23.87,12.58,6.1,-0.0,54.55,254.0,보통,True,"배터리 보증 여유 (5.0년 / 118,000km 남음, 기간(8년) 기준) ; 무사고 (보험이력 확인) ; 1인 소유",주행거리 계기상태 판정 불가 (성능기록부 표기 확인 필요),,,https://ci.encar.com/carpicture02/pic4242/42429899_,http://www.encar.com/dc/dc_cardetailview.do?carid=42429899
,ix_xdrive50,BMW iX,42590521,29주2184,11690,11045.3,644.7,-5.84,15380,24.0,2025,11,0.9,15399,17147,경기,xDrive60 M 스포츠 프로,,7.1,144601,88.8,기간(8년),True,True,무사고,0,0,0,0,False,,오일누유 / 미세누유 / 누유 / 냉각수누수 / 미세누수 / 누수 / 동력조향 작동 오일 누유 / 브레이크 마스터 실린더오일 누유 / 브레이크 오일 누유,,타이어,,,,,11066.0,11045.0,-645.0,-5.84,-1.11,583.0,고평가,적정가보다 비쌉니다,과주행 +0.2만km=-20,,0.0,,,1372,WBY51CF04TCW11629,unverified,,,,XDRIVE60,,,unknown,,1296,7,37.0,주의 — 많이 봤는데 안 팔림,"하루 37회 조회(중앙값 14회)로 35일째입니다. 많은 사람이 보고 지나쳤다는 뜻이라, 화면에 안 보이는 이유가 있을 수 있습니다. 실차 확인이 특히 중요합니다.",,,,,2026-08-31T18:24:19,35,,2026-09-02,2026-10-04,11790,11790,-100,,,False,0,True,리스·렌트 승계 매물 (리스),15380,리스,False,"기준 시세 (동일 연식 · 평균주행 13,500km)=11,066 || 과주행 +0.2만km=-20 || = 적정가=11,045",,41.98,,,,,15367,-32,-0.0,False,False,,,"외장, 내장, 광택, 룸 클리링, 휠, 타이어, 유리",,,WBY51CF04TCW11629,,사고 상세 없음,False,,2 | 1,0,0,flood_part_count,2025년 11월 11일,최초등록일 2025-11-11,False,False,True,False,True,,,0.0,,,,,5,양호,15367,양호,없음,없음,없음,해당없음,,없음,없음,2025년 11월 11일,2025년 11월 11일 ~ 2030년 11월 10일,성능 · 상태점검자,True,,,,,3,script 의 부위별 손상표에서 읽음 (init 의 data 가 null (수리 부위 없음)),BMW,1296,7,12.22,17.76,12.0,-0.0,-0.0,12.22,17.76,0.0,-0.0,41.98,-645.0,보통,True,"배터리 보증 여유 (7.1년 / 144,601km 남음, 기간(8년) 기준) ; 무사고 (보험이력 확인) ; 1인 소유","시세 대비 5.8% 비쌈 (예측 11,045만원) ; 신차가 대비 감가 24% 에 그침",,,https://ci.encar.com/carpicture09/pic4259/42590521_,http://www.encar.com/dc/dc_cardetailview.do?carid=42590521
,ix_xdrive50,BMW iX,42478480,03구1976,9400,9708.0,-308.0,3.17,15200,38.2,2024,7,2.18,26500,12144,서울,xDrive50 스포츠 플러스,,5.82,133500,72.7,기간(8년),True,True,무사고,0,0,0,0,False,,오일누유 / 미세누유 / 누유 / 냉각수누수 / 미세누수 / 누수 / 동력조향 작동 오일 누유 / 브레이크 마스터 실린더오일 누유 / 브레이크 오일 누유,,타이어,,,,,9642.0,9708.0,308.0,3.17,0.53,576.0,일부 설명됨,저평가 308만원 중 241만원은 위 사유로 설명되고 67만원이 남습니다 — 남은 만큼은 확인할 값어치가 있습니다,,자차보험 미가입 1구간 · 개인 소유 기간 (202503~202504) — 그 기간 사고는 보험기록에 없을 수 있음=-241,241.0,67.0,,899,WBY21CF00RCR71203,unverified,,,,XDRIVE50,,삼성SDI,low,국내 선호 제조사,834,8,13.2,,,,,202503~202504,,2026-08-03T15:33:49,63,,2026-08-30,2026-10-04,9600,9600,-200,,202503~202504,False,0,True,리스·렌트 승계 매물 (리스),15200,리스,False,"기준 시세 (동일 연식 · 평균주행 32,700km)=9,642 || 주행거리 적음 -0.6만km=+66 || = 적정가=9,708",,55.17,,,,,24900,-1600,-0.0,False,False,,,"외장, 내장, 광택, 룸 클리링, 휠, 타이어, 유리",,,WBY21CF00RCR71203,,사고 상세 없음,False,,2 | 1,0,0,flood_part_count,2024년 07월 30일,최초등록일 2024-07-30,False,False,True,False,True,,,0.0,,,,,5,양호,24900,양호,없음,없음,없음,해당없음,,없음,없음,2024년 07월 30일,2024년 07월 30일 ~ 2028년 07월 29일,성능 · 상태점검자,True,,,,,3,script 의 부위별 손상표에서 읽음 (init 의 data 가 null (수리 부위 없음)),BMW Korea,834,8,24.23,14.54,12.0,-0.0,-0.0,24.23,14.54,4.4,-0.0,55.17,308.0,보통,True,"배터리 보증 여유 (5.8년 / 133,500km 남음, 기간(8년) 기준) ; 무사고 (보험이력 확인) ; 1인 소유",,,,https://ci.encar.com/carpicture07/pic4247/42478480_,http://www.encar.com/dc/dc_cardetailview.do?carid=42478480
,ix_xdrive50,BMW iX,42750805,33노4291,5600,5427.0,173.0,-3.19,12260,54.3,2021,12,4.78,98469,20587,서울,xDrive40 퍼스트에디션,,3.22,61531,38.5,주행(16만km),True,False,"내차 피해 2건 / 타차 가해 1건 / 내차 수리비 500만원 초과 (10,332,429원)",2,1,10332429,0,False,,,,,,0.0,,,5657.0,4341.0,-1259.0,-29.01,-2.71,465.0,고평가,적정가보다 비쌉니다,"과주행 +2.7만km=-230 ; 사고이력 내차 2건 / 타차 1건 · 수리비 1,033만원=-1,033 ; 배터리 보증 잔여 부족 (38% · 기준 50% · 남은 3.2년 / 61,531km · 주행(16만km) 기준)=-53",성능기록부가 사진뿐 — 수리 부위·고전원전기장치를 확인할 수 없음=-85 ; 사고는 있으나 수리 부위를 확인할 수 없음=-113,198.0,,,1468,,unverified,,,,XDRIVE40,,,unknown,BMW iX 라인은 xDrive50 · M60 이 삼성SDI 로 확인됐고 xDrive40 은 미공개입니다. 같은 플랫폼이라 삼성SDI 일 가능성이 높지만 확정 자료가 없어 추정하지 않습니다 — 헤이딜러 출고 기록에서 확인하세요.,34,0,1.9,,,,,,,2026-09-17T09:26:42,18,,2026-09-18,2026-10-04,5600,,0,,,False,0,True,리스·렌트 승계 매물 (리스),12260,리스,True,"기준 시세 (동일 연식 · 평균주행 71,700km)=5,657 || 과주행 +2.7만km=-230 || 사고이력 내차 2건 / 타차 1건 · 수리비 1,033만원=-1,033 || 배터리 보증 잔여 부족 (38% · 기준 50% · 남은 3.2년 / 61,531km · 주행(16만km) 기준)=-53 || = 적정가=4,341","사고는 있으나 수리 부위를 모릅니다 (점검자 코멘트에 부위 언급 없음) ; 고전원전기장치 판정 불가: 충전구 절연 상태(항목 없음), 구동축전지 격리 상태(항목 없음), 고전원전기배선 상태(항목 없음)",2.72,,False,,,,,-0.0,,,,,,,,,"2025-08-14 내차 피해 보험금 3,104,590원 (부품 217,810원, 공임 1,762,250원, 도장 1,302,369원) | 2024-01-20 내차 피해 보험금 7,255,000원 (부품 5,800,000원, 공임 450,000원, 도장 800,000원) | 2024-01-20 타차 가해 보험금 1,030,744원 (부품 325,091원, 공임 178,360원, 도장 287,839원)",검증됨 (내차 2건 / 타차 1건 일치),False,,2 | 1,0,0,flood_part_count,2021-12-23,최초등록일 2021-12-23,False,False,True,False,True,,,,,,,,0,,,,,,,,,없음,없음,,,,False,,,,"충전구 절연 상태(항목 없음), 구동축전지 격리 상태(항목 없음), 고전원전기배선 상태(항목 없음)",0,성능기록부가 사진(이미지)으로만 등록된 매물입니다 — 페이지에서 읽어 낼 수 있는 항목이 없습니다,BMW,34,0,15.75,7.7,4.0,-0.0,-34.5,15.75,7.7,9.77,-34.5,2.72,-1259.0,보통,True,성능점검상 수리 부위 없음 ; 1인 소유,"사고이력: 내차 피해 2건 / 타차 가해 1건 / 내차 수리비 500만원 초과 (10,332,429원) ;   · 2025-08-14 내차 피해 보험금 3,104,590원 (부품 217,810원, 공임 1,762,250원, 도장 1,302,369원) ;   · 2024-01-20 내차 피해 보험금 7,255,000원 (부품 5,800,000원, 공임 450,000원, 도장 800,000원) ;   · 2024-01-20 타차 가해 보험금 1,030,744원 (부품 325,091원, 공임 178,360원, 도장 287,839원) ; 주행거리 계기상태 판정 불가 (성능기록부 표기 확인 필요)",,,https://ci.encar.com/carpicture05/pic4275/42750805_,http://www.encar.com/dc/dc_cardetailview.do?carid=42750805
,ix_xdrive50,BMW iX,42068963,12하3090,8500,8520.9,-20.9,0.25,14990,43.3,2023,8,3.1,53226,17173,충북,xDrive50 스포츠 플러스,,4.9,106774,61.3,기간(8년),True,True,무사고,0,0,0,0,False,,오일누유 / 미세누유 / 누유 / 냉각수누수 / 미세누수 / 누수 / 동력조향 작동 오일 누유 / 브레이크 마스터 실린더오일 누유 / 브레이크 오일 누유,,타이어,,,,,8592.0,8263.0,-237.0,-2.87,-0.42,568.0,고평가,적정가보다 비쌉니다,과주행 +0.7만km=-71 ; 현재 리스·렌트 매물=-258,자차보험 미가입 1구간 · 개인 소유 기간 (202308~202607) — 그 기간 사고는 보험기록에 없을 수 있음=-215,215.0,,,579,WBY21CF04PCM88181,unverified,,,,XDRIVE50,,삼성SDI,low,국내 선호 제조사,14,0,1.6,,,,,202308~202607,,2026-09-26T10:15:08,9,,2026-08-30,2026-10-04,8500,,0,,202308~202607,False,1,True,리스·렌트 승계 매물 (일반),14990,일반,False,"기준 시세 (동일 연식 · 평균주행 46,500km)=8,592 || 과주행 +0.7만km=-71 || 현재 리스·렌트 매물=-258 || = 적정가=8,263",,40.69,,,,,53218,-8,-0.0,False,False,,,"외장, 내장, 광택, 룸 클리링, 휠, 타이어, 유리","1, 렌트",,WBY21CF04PCM88181,,사고 상세 없음,False,,3 | 1,0,0,flood_part_count,2023년 08월 30일,최초등록일 2023-08-30,False,True,True,False,True,,,0.0,,,,,5,양호,53218,양호,없음,없음,있음,해당없음,,없음,없음,2023년 08월 30일,2025년 11월 13일 ~ 2026년 11월 12일,성능 · 상태점검자,True,,,,,3,script 의 부위별 손상표에서 읽음 (init 의 data 가 null (수리 부위 없음)),bmw,14,0,20.33,12.26,12.0,-0.0,-10.0,20.33,12.26,6.1,-0.0,40.69,-237.0,보통,True,"배터리 보증 여유 (4.9년 / 106,774km 남음, 기간(8년) 기준) ; 무사고 (보험이력 확인) ; 1인 소유",렌트/영업용 이력,,,https://ci.encar.com/carpicture06/pic4206/42068963_,http://www.encar.com/dc/dc_cardetailview.do?carid=42068963
,ix_xdrive50,BMW iX,42228744,225하8540,7630,9279.8,-1649.8,17.78,12480,38.9,2026,3,0.53,8700,16379,서울,xDrive45 M 스포츠,,7.47,151300,93.4,기간(8년),True,True,무사고,0,0,0,0,False,,,,,,,,,9286.0,9280.0,1650.0,17.78,3.49,473.0,일부 설명됨,"저평가 1,650만원 중 139만원은 위 사유로 설명되고 1,511만원이 남습니다 — 남은 만큼은 확인할 값어치가 있습니다",과주행 +0.1만km=-7,성능기록부가 사진뿐 — 수리 부위·고전원전기장치를 확인할 수 없음=-139,139.0,1511.0,,1274,,unverified,,,,XDRIVE45,,,unknown,,610,4,16.1,,,,,,,2026-08-28T14:25:42,38,,2026-08-30,2026-10-04,8125,8125,-495,,,False,1,True,리스·렌트 승계 매물 (렌트),12480,렌트,True,"기준 시세 (동일 연식 · 평균주행 7,950km)=9,286 || 과주행 +0.1만km=-7 || = 적정가=9,280","고전원전기장치 판정 불가: 충전구 절연 상태(항목 없음), 구동축전지 격리 상태(항목 없음), 고전원전기배선 상태(항목 없음)",75.31,,,,,,,-0.0,,,,,,,,,,사고 상세 없음,False,,3 | 1,0,0,flood_part_count,2026-03-25,최초등록일 2026-03-25,False,False,True,False,True,,,,,,,,0,,,,,,,,,,,,,,False,,,,"충전구 절연 상태(항목 없음), 구동축전지 격리 상태(항목 없음), 고전원전기배선 상태(항목 없음)",0,성능기록부가 사진(이미지)으로만 등록된 매물입니다 — 페이지에서 읽어 낼 수 있는 항목이 없습니다,,610,4,40.0,18.68,12.0,-0.0,-0.0,40.0,18.68,4.63,-0.0,75.31,1650.0,보통,True,"시세 대비 17.8% 저평가 (예측 9,280만원) ; 배터리 보증 여유 (7.5년 / 151,300km 남음, 기간(8년) 기준) ; 무사고 (보험이력 확인) ; 1인 소유",주행거리 계기상태 판정 불가 (성능기록부 표기 확인 필요),,,https://ci.encar.com/carpicture02/pic4222/42228744_,http://www.encar.com/dc/dc_cardetailview.do?carid=42228744
,ix_xdrive50,BMW iX,42838580,13모4705,11100,10782.1,317.9,-2.95,16390,32.3,2024,10,1.95,17533,8969,경기,xDrive M60,,6.05,142467,75.6,기간(8년),True,True,무사고,0,0,0,2,False,,,,,,,,,10648.0,10676.0,-424.0,-3.97,-0.68,621.0,고평가,적정가보다 비쌉니다,소유자 변경 2회=-106,성능기록부가 사진뿐 — 수리 부위·고전원전기장치를 확인할 수 없음=-160 ; 자차보험 미가입 1구간 · 개인 소유 기간 (202508~202509) — 그 기간 사고는 보험기록에 없을 수 있음=-266,426.0,,후륜조향,2171,,unverified,,,,XDRIVEM60,,삼성SDI,low,국내 선호 제조사,8,0,2.7,,,,,202508~202509,,2026-10-02T22:21:51,3,,2026-10-03,2026-10-04,11100,,0,,202508~202509,False,0,True,리스·렌트 승계 매물 (리스),16390,리스,True,"기준 시세 (동일 연식 · 평균주행 29,250km)=10,648 || 주행거리 적음 -1.2만km=+134 || 소유자 변경 2회=-106 || = 적정가=10,676","고전원전기장치 판정 불가: 충전구 절연 상태(항목 없음), 구동축전지 격리 상태(항목 없음), 고전원전기배선 상태(항목 없음)",41.62,,,,,,,-0.0,,,,,,,,,,사고 상세 없음,False,,2 | 2 | 1 | 1,1,0,flood_part_count,2024-10-21,최초등록일 2024-10-21,False,False,False,False,True,,,,,,,,0,,,,,,,,,,,,,,False,,,,"충전구 절연 상태(항목 없음), 구동축전지 격리 상태(항목 없음), 고전원전기배선 상태(항목 없음)",0,성능기록부가 사진(이미지)으로만 등록된 매물입니다 — 페이지에서 읽어 낼 수 있는 항목이 없습니다,BMW,8,0,16.07,15.12,8.0,-0.0,-0.0,16.07,15.12,2.43,-0.0,41.62,-424.0,보통,True,"배터리 보증 여유 (6.0년 / 142,467km 남음, 기간(8년) 기준) ; 무사고 (보험이력 확인)",주행거리 계기상태 판정 불가 (성능기록부 표기 확인 필요),,,https://ci.encar.com/carpicture03/pic4283/42838580_,http://www.encar.com/dc/dc_cardetailview.do?carid=42838580
,eqe_suv_350,벤츠 EQE SUV,42432744,06보2649,6150,6412.1,-262.1,4.09,12850,52.1,2023,9,3.03,104999,34675,경기,EQE500 4MATIC,,4.97,55001,34.4,주행(16만km),True,True,무사고,0,0,0,3,False,,오일누유 / 미세누유 / 누유 / 냉각수누수 / 미세누수 / 누수 / 동력조향 작동 오일 누유 / 브레이크 마스터 실린더오일 누유 / 브레이크 오일 누유,,타이어,"도어(우) 판금/용접(W) — 외판 1랭크, 구조 영향 없음 (볼트 체결 부품, 법적으로 무사고 표기 가능)",1.5,외판1,W,6948.0,5846.0,-304.0,-5.2,-0.62,487.0,고평가,적정가보다 비쌉니다,"  ㄴ 위 기준 시세에 반영됨: EQE500 트림의 실측 시장 편차 · 배터리 파라시스=-477 ; 과주행 +6.0만km=-536 ; 사고이력 외판 1랭크=-122 ; 배터리 보증 잔여 부족 (34% · 기준 50% · 남은 5.0년 / 55,001km · 주행(16만km) 기준)=-97 ; 소유자 변경 3회=-139 ; 현재 리스·렌트 매물=-208",재등록 매물 — 한 번 안 팔려 다시 올림=-69,69.0,,에어서스펜션,1244,W1NGM2CB3PA017240,unverified,,,,EQE500,-477.0,파라시스,high,2024년 인천 청라 지하주차장 화재 차량 탑재 제조사. 국내 시장이 강하게 기피해 시세가 눌려 있다.,201,2,25.1,,,배터리 파라시스 — 2024년 인천 청라 지하주차장 화재 차량 탑재 제조사. 국내 시장이 강하게 기피해 시세가 눌려 있다. 이 효과는 위 기준 시세의 트림 보정에 이미 반영돼 있습니다 (중복 차감하지 않음),,,,2026-09-27T21:23:37,8,,2026-08-30,2026-10-04,6399,6199,-249,,,True,1,True,리스·렌트 승계 매물 (일반),12850,일반,False,"기준 시세 (동일 연식 · 평균주행 45,450km)=6,948 ||   ㄴ 위 기준 시세에 반영됨: EQE500 트림의 실측 시장 편차 · 배터리 파라시스=-477 || 과주행 +6.0만km=-536 || 사고이력 외판 1랭크=-122 || 배터리 보증 잔여 부족 (34% · 기준 50% · 남은 5.0년 / 55,001km · 주행(16만km) 기준)=-97 || 소유자 변경 3회=-139 || 현재 리스·렌트 매물=-208 || = 적정가=5,846",,30.86,,,,,104994,-5,-0.0,False,False,,"조휀다부분판금도장/보험이력있음/정비이력있음/비금속(FRP),크로스멤버 볼트체결방식 또는 탈부착 가능한 부품은 점검사항에서 제외되며 중고차 특성상 판금 도장 부식은 있을 수 있고 경미한 판금 및 도장은 표기치 않음《성능보험 신한EZ손해보험 접수처 : 1644-3933》 / 《보험료 입금계좌 : 신한 140-015-639182 (주)아이엠오토랩》","외장, 내장, 광택, 룸 클리링, 휠, 타이어, 유리","1, 렌트",,W1NGM2CB3PA017240,,사고 상세 없음,False,,3 | 2 | 1 | 1,1,0,flood_part_count,2023년 09월 25일,최초등록일 2023-09-25,False,True,False,True,True,성능기록부,"도어(우) 판금/용접(W) — 외판 1랭크, 구조 영향 없음 (볼트 체결 부품, 법적으로 무사고 표기 가능)",1.5,외판1,W,,,5,양호,104994,양호,없음,없음,있음,해당없음,,없음,있음,2023년 09월 25일,2026년 11월 06일 ~ 2027년 11월 05일,성능 · 상태점검자,False,,,,,3,script 의 부위별 손상표에서 읽음 (data (script #6)),벤츠코리아,201,2,25.45,6.88,13.0,-12.0,-23.5,25.45,6.88,9.03,-1.5,30.86,-304.0,보통,True,무사고 (보험이력 확인) ; 엔카진단 매물,"과주행 심함 (연 34,675km) ; 도어(우) 판금/용접(W) — 외판 1랭크, 구조 영향 없음 (볼트 체결 부품, 법적으로 무사고 표기 가능) ; 렌트/영업용 이력",,,https://ci.encar.com/carpicture03/pic4243/42432744_,http://www.encar.com/dc/dc_cardetailview.do?carid=42432744
,eqe_suv_350,벤츠 EQE SUV,42472696,63버0557,6460,6314.5,145.5,-2.3,10990,41.2,2023,12,2.77,70872,25604,인천,EQE350 4MATIC,,5.23,89128,55.7,주행(16만km),True,False,"내차 피해 1건 / 타차 가해 2건 / 내차 수리비 50~200만원 (1,287,368원)",1,2,1287368,1,False,,오일누유 / 미세누유 / 누유 / 냉각수누수 / 미세누수 / 누수 / 동력조향 작동 오일 누유 / 브레이크 마스터 실린더오일 누유 / 브레이크 오일 누유,,타이어,,,,,6540.0,5990.0,-470.0,-7.85,-1.13,417.0,고평가,적정가보다 비쌉니다,과주행 +2.9만km=-226 ; 사고이력 내차 1건 / 타차 2건 · 수리비 129만원=-129 ; 현재 리스·렌트 매물=-196,사고는 있으나 수리 부위를 확인할 수 없음=-131,131.0,,,523,W1NGM1CB4PA026586,unverified,,,,EQE350,,CATL,normal,,1819,2,29.3,주의 — 많이 봤는데 안 팔림,"하루 29회 조회(중앙값 14회)로 62일째입니다. 많은 사람이 보고 지나쳤다는 뜻이라, 화면에 안 보이는 이유가 있을 수 있습니다. 실차 확인이 특히 중요합니다. 조회 1,819회에 찜 2개(비율 0.11%, 중앙값 0.76%) — 보고 나서 관심을 접은 사람이 많다는 신호입니다.",,,,,2026-08-04T09:38:15,62,,2026-08-30,2026-10-04,6460,,0,,,False,1,True,리스·렌트 승계 매물 (일반),10990,일반,False,"기준 시세 (동일 연식 · 평균주행 41,550km)=6,540 || 과주행 +2.9만km=-226 || 사고이력 내차 1건 / 타차 2건 · 수리비 129만원=-129 || 현재 리스·렌트 매물=-196 || = 적정가=5,990","사고는 있으나 수리 부위를 모릅니다 (점검자 코멘트에 부위 언급 없음) ; 세부상태 판정 불가: 변속기(txt_state 에 on/active 가 없음 (판정 불가)), 연료누출(txt_state 에 on/active 가 없음 (판정 불가))",13.47,,,,,70869,-3,-0.0,False,True,"1, 이행","전기 부품 품목 보증확인요,  중고차 특성상 경미한판금/도장있음,","외장, 내장, 광택, 룸 클리링, 휠, 타이어, 유리","1, 렌트",,W1NGM1CB4PA026586,"2025-10-21 내차 피해(부분) 보험금 1,773,815원 (부품 1,113,368원, 공임 174,000원) | 2025-09-08 타차 가해 보험금 2,774,830원 (부품 1,441,480원, 공임 383,372원, 도장 288,635원) | 2024-03-14 타차 가해 보험금 1,323,796원 (부품 275,975원, 공임 384,060원, 도장 988,149원)",검증됨 (내차 1건 / 타차 2건 일치),False,,3 | 2 | 1 | 1,1,0,flood_part_count,2023년 12월 29일,최초등록일 2023-12-29,False,True,True,True,True,,,0.0,,,,,5,양호,70869,양호,없음,없음,있음,해당,이행,없음,없음,2023년 12월 29일,2026년 02월 28일 ~ 2027년 02월 27일,성능 · 상태점검자,True,,"변속기(txt_state 에 on/active 가 없음 (판정 불가)), 연료누출(txt_state 에 on/active 가 없음 (판정 불가))",,,3,script 의 부위별 손상표에서 읽음 (init 의 data 가 null (수리 부위 없음)),,1819,2,16.93,11.14,9.0,-6.0,-29.0,16.93,11.14,5.4,-13.0,13.47,-470.0,보통,True,"배터리 보증 여유 (5.2년 / 89,128km 남음, 주행(16만km) 기준) ; 엔카진단 매물 ; 1인 소유","과주행 (연 25,604km) ; 사고이력: 내차 피해 1건 / 타차 가해 2건 / 내차 수리비 50~200만원 (1,287,368원) ;   · 2025-10-21 내차 피해(부분) 보험금 1,773,815원 (부품 1,113,368원, 공임 174,000원) ;   · 2025-09-08 타차 가해 보험금 2,774,830원 (부품 1,441,480원, 공임 383,372원, 도장 288,635원) ;   · 2024-03-14 타차 가해 보험금 1,323,796원 (부품 275,975원, 공임 384,060원, 도장 988,149원) ; 렌트/영업용 이력",,,https://ci.encar.com/carpicture07/pic4247/42472696_,http://www.encar.com/dc/dc_cardetailview.do?carid=42472696
,eqe_suv_350,벤츠 EQE SUV,40077967,56너1976,6478,7560.1,-1082.1,14.31,10990,41.1,2024,12,1.52,9000,5901,경기,EQE350 4MATIC,,6.48,151000,80.9,기간(8년),True,False,내차 피해 1건 / 수리비 금액 응답에 없음,1,0,0,0,False,,,,,,,,,7454.0,7560.0,1082.0,14.31,2.6,417.0,일부 설명됨,"저평가 1,082만원 중 261만원은 위 사유로 설명되고 821만원이 남습니다 — 남은 만큼은 확인할 값어치가 있습니다",,성능기록부가 사진뿐 — 수리 부위·고전원전기장치를 확인할 수 없음=-112 ; 사고는 있으나 수리 부위를 확인할 수 없음=-149,261.0,821.0,,201,,unverified,,,,EQE350,,CATL,normal,,75,0,3.6,,,,,,,2026-09-14T15:18:23,21,,2026-09-18,2026-10-04,6478,,0,,,False,0,True,리스·렌트 승계 매물 (리스),10990,리스,True,"기준 시세 (동일 연식 · 평균주행 22,800km)=7,454 || 주행거리 적음 -1.4만km=+106 || = 적정가=7,560","사고는 있으나 수리 부위를 모릅니다 (점검자 코멘트에 부위 언급 없음) ; 고전원전기장치 판정 불가: 충전구 절연 상태(항목 없음), 구동축전지 격리 상태(항목 없음), 고전원전기배선 상태(항목 없음)",60.63,,,,,,,-0.0,,,,,,,,,2025-06-23 내차 피해(부분),검증됨 (내차 1건 / 타차 0건 일치),False,,2 | 1,0,0,flood_part_count,2025-03-27,최초등록일 2025-03-27,False,False,True,False,True,,,,,,,,0,,,,,,,,,,,,,,False,,,,"충전구 절연 상태(항목 없음), 구동축전지 격리 상태(항목 없음), 고전원전기배선 상태(항목 없음)",0,성능기록부가 사진(이미지)으로만 등록된 매물입니다 — 페이지에서 읽어 낼 수 있는 항목이 없습니다,벤츠(3년10만),75,0,39.08,16.18,4.0,-0.0,-4.0,39.08,16.18,5.37,-4.0,60.63,1082.0,보통,True,"시세 대비 14.3% 저평가 (예측 7,560만원) ; 배터리 보증 여유 (6.5년 / 151,000km 남음, 기간(8년) 기준) ; 1인 소유",사고이력: 내차 피해 1건 / 수리비 금액 응답에 없음 ;   · 2025-06-23 내차 피해(부분) ; 주행거리 계기상태 판정 불가 (성능기록부 표기 확인 필요),,,https://ci.encar.com/carpicture07/pic4007/40077967_,http://www.encar.com/dc/dc_cardetailview.do?carid=40077967
,eqe_suv_350,벤츠 EQE SUV,42485855,37보5665,9801,7511.6,2289.4,-30.48,12850,23.7,2023,12,2.34,38000,16271,경기,EQE500 4MATIC,,5.66,122000,70.8,기간(8년),True,False,"내차 피해 1건 / 내차 수리비 50~200만원 (727,760원)",1,0,727760,0,False,,,,,,,,,7538.0,7439.0,-2362.0,-31.76,-4.85,487.0,고평가,적정가보다 비쌉니다,  ㄴ 위 기준 시세에 반영됨: EQE500 트림의 실측 시장 편차 · 배터리 파라시스=-477 ; 과주행 +0.3만km=-26 ; 사고이력 내차 1건 / 타차 0건 · 수리비 73만원=-73,성능기록부가 사진뿐 — 수리 부위·고전원전기장치를 확인할 수 없음=-113 ; 사고는 있으나 수리 부위를 확인할 수 없음=-151,264.0,,,1078,,unverified,,,,EQE500,-477.0,파라시스,high,2024년 인천 청라 지하주차장 화재 차량 탑재 제조사. 국내 시장이 강하게 기피해 시세가 눌려 있다.,541,1,9.0,주의 — 보고 실망,"조회 541회에 찜 1개(비율 0.18%, 중앙값 0.76%) — 보고 나서 관심을 접은 사람이 많다는 신호입니다.",배터리 파라시스 — 2024년 인천 청라 지하주차장 화재 차량 탑재 제조사. 국내 시장이 강하게 기피해 시세가 눌려 있다. 이 효과는 위 기준 시세의 트림 보정에 이미 반영돼 있습니다 (중복 차감하지 않음),,,,2026-08-06T11:15:02,60,,2026-08-30,2026-10-04,9801,,0,,,False,0,True,리스·렌트 승계 매물 (리스),12850,리스,True,"기준 시세 (동일 연식 · 평균주행 35,100km)=7,538 ||   ㄴ 위 기준 시세에 반영됨: EQE500 트림의 실측 시장 편차 · 배터리 파라시스=-477 || 과주행 +0.3만km=-26 || 사고이력 내차 1건 / 타차 0건 · 수리비 73만원=-73 || = 적정가=7,439","사고는 있으나 수리 부위를 모릅니다 (점검자 코멘트에 부위 언급 없음) ; 고전원전기장치 판정 불가: 충전구 절연 상태(항목 없음), 구동축전지 격리 상태(항목 없음), 고전원전기배선 상태(항목 없음)",8.16,,,,,,,-0.0,,,,,,,,,"2024-11-14 내차 피해(부분) 보험금 1,588,000원 (부품 140,000원, 공임 237,760원, 도장 350,000원)",검증됨 (내차 1건 / 타차 0건 일치),False,,2 | 1,0,0,flood_part_count,2024-06-04,최초등록일 2024-06-04,False,False,True,False,True,,,,,,,,0,,,,,,,,,,,,,,False,,,,"충전구 절연 상태(항목 없음), 구동축전지 격리 상태(항목 없음), 고전원전기배선 상태(항목 없음)",0,성능기록부가 사진(이미지)으로만 등록된 매물입니다 — 페이지에서 읽어 낼 수 있는 항목이 없습니다,,541,1,0.0,14.16,4.0,-0.0,-10.0,0.0,14.16,0.0,-10.0,8.16,-2362.0,보통,True,"배터리 보증 여유 (5.7년 / 122,000km 남음, 기간(8년) 기준) ; 1인 소유","시세 대비 30.5% 비쌈 (예측 7,512만원) ; 신차가 대비 감가 24% 에 그침 ; 사고이력: 내차 피해 1건 / 내차 수리비 50~200만원 (727,760원) ;   · 2024-11-14 내차 피해(부분) 보험금 1,588,000원 (부품 140,000원, 공임 237,760원, 도장 350,000원) ; 주행거리 계기상태 판정 불가 (성능기록부 표기 확인 필요)",,,https://ci.encar.com/carpicture08/pic4248/42485855_,http://www.encar.com/dc/dc_cardetailview.do?carid=42485855
,eqe_suv_350,벤츠 EQE SUV,42738020,09조1049,7389,7517.9,-128.9,1.71,12850,42.5,2023,12,2.68,10100,3772,전북,EQE500 4MATIC,,5.32,149900,66.5,기간(8년),True,False,"내차 피해 2건 / 내차 수리비 500만원 초과 (5,571,521원)",2,0,5571521,0,False,,,,,,,,,7247.0,6961.0,-428.0,-6.15,-0.88,487.0,고평가,적정가보다 비쌉니다,  ㄴ 위 기준 시세에 반영됨: EQE500 트림의 실측 시장 편차 · 배터리 파라시스=-477 ; 사고이력 내차 2건 / 타차 0건 · 수리비 557만원=-557,성능기록부가 사진뿐 — 수리 부위·고전원전기장치를 확인할 수 없음=-109 ; 사고는 있으나 수리 부위를 확인할 수 없음=-145,254.0,,,151,,unverified,,,,EQE500,-477.0,파라시스,high,2024년 인천 청라 지하주차장 화재 차량 탑재 제조사. 국내 시장이 강하게 기피해 시세가 눌려 있다.,32,1,1.6,,,배터리 파라시스 — 2024년 인천 청라 지하주차장 화재 차량 탑재 제조사. 국내 시장이 강하게 기피해 시세가 눌려 있다. 이 효과는 위 기준 시세의 트림 보정에 이미 반영돼 있습니다 (중복 차감하지 않음),,,,2026-09-15T17:12:31,20,,2026-09-18,2026-10-04,7389,,0,,,False,0,True,리스·렌트 승계 매물 (리스),12850,리스,True,"기준 시세 (동일 연식 · 평균주행 40,200km)=7,247 ||   ㄴ 위 기준 시세에 반영됨: EQE500 트림의 실측 시장 편차 · 배터리 파라시스=-477 || 주행거리 적음 -3.0만km=+271 || 사고이력 내차 2건 / 타차 0건 · 수리비 557만원=-557 || = 적정가=6,961","사고는 있으나 수리 부위를 모릅니다 (점검자 코멘트에 부위 언급 없음) ; 고전원전기장치 판정 불가: 충전구 절연 상태(항목 없음), 구동축전지 격리 상태(항목 없음), 고전원전기배선 상태(항목 없음)",12.42,,,,,,,-0.0,,,,,,,,,"2025-08-14 내차 피해(부분) 보험금 2,579,140원 (부품 1,748,659원, 공임 265,089원) | 2025-02-20 내차 피해(부분) 보험금 4,993,950원 (부품 2,690,855원, 공임 411,600원, 도장 455,318원)",검증됨 (내차 2건 / 타차 0건 일치),False,,2 | 1,0,0,flood_part_count,2024-01-31,최초등록일 2024-01-31,False,False,True,False,True,,,,,,,,0,,,,,,,,,,,,,,False,,,,"충전구 절연 상태(항목 없음), 구동축전지 격리 상태(항목 없음), 고전원전기배선 상태(항목 없음)",0,성능기록부가 사진(이미지)으로만 등록된 매물입니다 — 페이지에서 읽어 낼 수 있는 항목이 없습니다,,32,1,22.29,13.3,4.0,-0.0,-33.0,22.29,13.3,5.83,-33.0,12.42,-428.0,보통,True,"배터리 보증 여유 (5.3년 / 149,900km 남음, 기간(8년) 기준) ; 1인 소유","사고이력: 내차 피해 2건 / 내차 수리비 500만원 초과 (5,571,521원) ;   · 2025-08-14 내차 피해(부분) 보험금 2,579,140원 (부품 1,748,659원, 공임 265,089원) ;   · 2025-02-20 내차 피해(부분) 보험금 4,993,950원 (부품 2,690,855원, 공임 411,600원, 도장 455,318원) ; 주행거리 계기상태 판정 불가 (성능기록부 표기 확인 필요)",,,https://ci.encar.com/carpicture03/pic4273/42738020_,http://www.encar.com/dc/dc_cardetailview.do?carid=42738020
,eqe_suv_350,벤츠 EQE SUV,42738837,15어3172,6797,7067.9,-270.9,3.83,12850,47.1,2023,12,2.81,49712,17679,인천,EQE500 4MATIC,,5.19,110288,64.9,기간(8년),True,True,무사고,0,0,0,2,False,,,,,,,,,7136.0,6997.0,200.0,2.85,0.41,487.0,할인 이유 충분,저평가 200만원이 위 사유 285만원으로 설명됩니다 — 진짜 저평가로 보기 어렵습니다,  ㄴ 위 기준 시세에 반영됨: EQE500 트림의 실측 시장 편차 · 배터리 파라시스=-477 ; 과주행 +0.8만km=-68 ; 소유자 변경 2회=-71,성능기록부가 사진뿐 — 수리 부위·고전원전기장치를 확인할 수 없음=-107 ; 자차보험 미가입 1구간 · 개인 소유 기간 (202312~202412) — 그 기간 사고는 보험기록에 없을 수 있음=-178,285.0,-85.0,,355,,unverified,,,,EQE500,-477.0,파라시스,high,2024년 인천 청라 지하주차장 화재 차량 탑재 제조사. 국내 시장이 강하게 기피해 시세가 눌려 있다.,128,2,6.4,,,배터리 파라시스 — 2024년 인천 청라 지하주차장 화재 차량 탑재 제조사. 국내 시장이 강하게 기피해 시세가 눌려 있다. 이 효과는 위 기준 시세의 트림 보정에 이미 반영돼 있습니다 (중복 차감하지 않음),,202312~202412,,2026-09-15T17:31:35,20,,2026-09-18,2026-10-04,7357,7357,-560,,202312~202412,False,0,True,리스·렌트 승계 매물 (리스),12850,리스,True,"기준 시세 (동일 연식 · 평균주행 42,150km)=7,136 ||   ㄴ 위 기준 시세에 반영됨: EQE500 트림의 실측 시장 편차 · 배터리 파라시스=-477 || 과주행 +0.8만km=-68 || 소유자 변경 2회=-71 || = 적정가=6,997","고전원전기장치 판정 불가: 충전구 절연 상태(항목 없음), 구동축전지 격리 상태(항목 없음), 고전원전기배선 상태(항목 없음)",53.46,,,,,,,-0.0,,,,,,,,,,사고 상세 없음,False,,2 | 2 | 1 | 1,1,0,flood_part_count,2023-12-13,최초등록일 2023-12-13,False,False,False,False,True,,,,,,,,0,,,,,,,,,,,,,,False,,,,"충전구 절연 상태(항목 없음), 구동축전지 격리 상태(항목 없음), 고전원전기배선 상태(항목 없음)",0,성능기록부가 사진(이미지)으로만 등록된 매물입니다 — 페이지에서 읽어 낼 수 있는 항목이 없습니다,,128,2,25.11,12.98,8.0,-0.0,-0.0,25.11,12.98,7.37,-0.0,53.46,200.0,보통,True,"배터리 보증 여유 (5.2년 / 110,288km 남음, 기간(8년) 기준) ; 무사고 (보험이력 확인)",주행거리 계기상태 판정 불가 (성능기록부 표기 확인 필요),,,https://ci.encar.com/carpicture03/pic4273/42738837_,http://www.encar.com/dc/dc_cardetailview.do?carid=42738837
